campaign_id,amount,timestamp
ORGANIC9,77.24,2026-01-07T18:27:18.580697
COORD1,741.11,2026-01-03T19:12:22
ORGANIC0,433.26,2026-01-07T13:15:53.144264
ORGANIC0,264.64,2026-01-13T09:17:20.109276
COORD1,874.89,2026-01-09T09:36:27
ORGANIC0,133.38,2026-01-01T01:05:25.534357
ORGANIC1,401.77,2026-01-03T23:59:00.842195
ORGANIC5,119.37,2026-01-07T02:00:48.322360
ORGANIC7,197.77,2026-01-05T22:11:27.447712
ORGANIC0,646.31,2026-01-07T23:44:30.131482
ORGANIC1,346.65,2026-01-02T04:46:46.415621
ORGANIC4,677.64,2026-01-13T05:54:12.510395
ORGANIC10,24.45,2026-01-05T23:13:16.279087
ORGANIC10,236.29,2026-01-05T19:30:08.943959
ORGANIC9,356.69,2026-01-12T14:26:44.363389
ORGANIC9,82.07,2026-01-11T05:37:29.308823
COORD1,620.48,2026-01-02T09:36:18
ORGANIC3,640.15,2026-01-02T01:16:54.973145
ORGANIC4,653.44,2026-01-11T11:49:28.118439
ORGANIC4,582.95,2026-01-13T22:37:39.832324
ORGANIC0,170.37,2026-01-14T19:04:04.739970
ORGANIC1,663.12,2026-01-04T11:56:05.879358
ORGANIC3,31.12,2026-01-06T04:09:39.966539
ORGANIC6,572.33,2026-01-11T07:16:58.965009
ORGANIC1,403.52,2026-01-01T23:15:19.462339
ORGANIC4,63.53,2026-01-07T14:09:06.649506
ORGANIC2,446.46,2026-01-07T08:52:58.121133
COORD1,729.32,2026-01-12T04:48:11
ORGANIC9,17.59,2026-01-09T13:04:17.229437
ORGANIC7,1.0,2026-01-06T15:51:01.442989
ORGANIC2,1.0,2026-01-12T21:09:42.360348
COORD3,507.07,2026-01-01T00:00:03
ORGANIC1,444.0,2026-01-03T19:35:12.326276
ORGANIC8,391.82,2026-01-06T21:38:44.814447
ORGANIC1,153.02,2026-01-14T02:19:58.025406
ORGANIC1,1.0,2026-01-13T01:31:19.099972
ORGANIC0,352.91,2026-01-11T01:13:09.101862
COORD1,864.13,2026-01-06T14:24:03
ORGANIC5,12.62,2026-01-05T03:20:24.532975
ORGANIC2,299.43,2026-01-01T19:12:27.114109
ORGANIC0,375.87,2026-01-12T12:07:32.417711
COORD0,885.16,2026-01-09T09:36:20
ORGANIC5,196.74,2026-01-06T14:17:30.973722
ORGANIC7,563.34,2026-01-12T23:51:43.066275
ORGANIC10,494.16,2026-01-13T07:42:57.844821
ORGANIC5,21.6,2026-01-06T17:13:12.062266
ORGANIC6,228.42,2026-01-07T04:42:16.815204
COORD3,623.82,2026-01-02T09:36:07
ORGANIC9,416.74,2026-01-14T12:23:57.025306
ORGANIC1,1.0,2026-01-11T17:19:13.325690
ORGANIC2,281.75,2026-01-14T09:39:31.418384
ORGANIC7,1.0,2026-01-06T19:42:00.513571
ORGANIC3,302.36,2026-01-04T19:30:32.397616
ORGANIC1,470.54,2026-01-07T03:12:05.861503
ORGANIC5,527.87,2026-01-02T14:45:17.383039
ORGANIC6,218.43,2026-01-07T07:13:24.378366
ORGANIC10,317.32,2026-01-07T15:58:02.226805
ORGANIC5,182.12,2026-01-06T21:16:11.885332
ORGANIC5,62.07,2026-01-05T04:54:29.815628
ORGANIC6,141.99,2026-01-05T08:18:03.384011
ORGANIC6,275.34,2026-01-08T10:27:37.129131
ORGANIC4,303.75,2026-01-01T14:03:16.186841
ORGANIC3,109.56,2026-01-06T20:51:34.457590
ORGANIC2,345.41,2026-01-07T19:10:31.505345
ORGANIC7,105.26,2026-01-08T15:30:01.641854
ORGANIC7,174.19,2026-01-04T19:17:46.593527
ORGANIC5,113.43,2026-01-05T00:24:10.831925
ORGANIC1,432.3,2026-01-07T15:41:41.564548
ORGANIC3,58.58,2026-01-09T21:06:14.235067
ORGANIC0,368.27,2026-01-10T12:34:30.813046
ORGANIC2,423.45,2026-01-08T14:10:39.315582
COORD2,607.35,2026-01-02T09:36:00
ORGANIC5,428.04,2026-01-03T11:59:55.630442
COORD2,807.65,2026-01-10T19:12:27
COORD2,895.14,2026-01-08T00:00:29
ORGANIC8,516.58,2026-01-04T08:09:03.961709
ORGANIC0,439.36,2026-01-06T09:16:54.540201
ORGANIC3,172.75,2026-01-07T20:08:48.128360
ORGANIC3,5.64,2026-01-10T03:44:09.753903
ORGANIC6,271.57,2026-01-09T16:04:17.870166
ORGANIC9,1.0,2026-01-09T09:44:17.889282
ORGANIC5,210.14,2026-01-09T02:52:29.591334
ORGANIC3,515.18,2026-01-02T11:57:50.718637
ORGANIC4,1.0,2026-01-06T18:31:51.318764
ORGANIC1,1.0,2026-01-13T00:50:14.980147
ORGANIC6,175.72,2026-01-02T20:48:06.982082
ORGANIC0,97.33,2026-01-02T11:45:14.531256
ORGANIC2,361.05,2026-01-03T04:00:42.239852
ORGANIC4,1.0,2026-01-06T08:32:02.467653
ORGANIC7,193.51,2026-01-05T16:56:22.296058
COORD3,884.57,2026-01-06T14:24:11
ORGANIC3,154.75,2026-01-11T01:07:03.701563
ORGANIC1,654.64,2026-01-04T17:03:32.498366
ORGANIC10,224.48,2026-01-08T05:35:12.323674
ORGANIC9,273.88,2026-01-12T07:33:17.775069
ORGANIC0,21.14,2026-01-02T13:35:15.200548
COORD3,809.83,2026-01-05T04:48:08
COORD2,731.89,2026-01-03T19:12:17
ORGANIC9,266.02,2026-01-06T13:16:33.212459
ORGANIC7,85.13,2026-01-06T16:57:12.197549
ORGANIC1,471.78,2026-01-06T22:19:20.702405
ORGANIC0,99.3,2026-01-03T18:50:02.868695
ORGANIC7,186.37,2026-01-06T21:10:05.599099
COORD1,624.97,2026-01-13T14:24:05
COORD0,890.96,2026-01-06T14:24:30
ORGANIC0,512.62,2026-01-10T12:38:30.075845
ORGANIC3,1.0,2026-01-06T23:42:10.097199
ORGANIC9,588.54,2026-01-14T18:34:18.127592
ORGANIC0,255.71,2026-01-12T18:48:03.243549
ORGANIC2,680.63,2026-01-06T07:20:05.884714
ORGANIC0,233.53,2026-01-03T06:16:49.713647
COORD3,821.74,2026-01-10T19:12:08
ORGANIC5,43.66,2026-01-04T17:11:48.112108
ORGANIC3,446.31,2026-01-12T16:25:26.136054
ORGANIC7,139.52,2026-01-10T21:21:24.593794
ORGANIC2,398.36,2026-01-04T07:01:42.631393
COORD2,874.78,2026-01-06T14:24:03
ORGANIC8,532.33,2026-01-05T17:24:00.662950
ORGANIC1,347.37,2026-01-02T08:34:07.512891
ORGANIC3,251.45,2026-01-09T13:31:25.425422
ORGANIC3,514.52,2026-01-02T00:22:28.151291
ORGANIC1,570.46,2026-01-05T17:35:48.295974
ORGANIC8,291.13,2026-01-07T14:01:23.149083
ORGANIC3,61.3,2026-01-09T22:04:12.341184
ORGANIC3,125.35,2026-01-09T07:45:30.368114
ORGANIC8,624.17,2026-01-01T17:30:02.751731
ORGANIC6,471.5,2026-01-10T11:00:38.701267
ORGANIC10,99.94,2026-01-04T09:45:01.926225
ORGANIC10,69.61,2026-01-05T13:12:17.137478
ORGANIC4,661.4,2026-01-12T11:42:00.806423
ORGANIC5,34.4,2026-01-05T14:56:49.963597
ORGANIC6,652.3,2026-01-13T01:06:28.907935
ORGANIC9,421.17,2026-01-04T09:56:17.216045
ORGANIC3,292.42,2026-01-04T08:11:54.528284
COORD2,610.14,2026-01-13T14:24:07
ORGANIC7,139.78,2026-01-06T20:47:28.143469
ORGANIC5,673.99,2026-01-13T02:25:21.318680
ORGANIC3,355.18,2026-01-02T21:07:18.531970
ORGANIC2,618.56,2026-01-04T17:06:29.619165
ORGANIC4,143.28,2026-01-04T02:54:08.322700
ORGANIC2,170.62,2026-01-14T13:29:10.847867
ORGANIC9,219.06,2026-01-07T02:19:25.250601
ORGANIC9,255.0,2026-01-05T20:39:37.674517
ORGANIC7,616.16,2026-01-12T22:45:30.641008
ORGANIC5,137.31,2026-01-05T09:23:44.079250
ORGANIC7,436.03,2026-01-02T02:02:03.864835
COORD2,485.58,2026-01-01T00:00:07
ORGANIC2,393.53,2026-01-08T18:44:17.363991
ORGANIC5,589.58,2026-01-12T20:55:59.282091
ORGANIC5,54.21,2026-01-08T03:50:17.332976
ORGANIC2,513.37,2026-01-08T00:57:27.823179
ORGANIC6,379.78,2026-01-13T20:16:11.729485
ORGANIC8,671.27,2026-01-02T14:26:05.474014
ORGANIC3,182.19,2026-01-08T07:39:17.972707
ORGANIC0,112.44,2026-01-04T08:27:21.514585
COORD1,837.82,2026-01-10T19:12:02
ORGANIC1,256.01,2026-01-14T22:22:12.661817
ORGANIC8,476.84,2026-01-03T13:03:39.430471
ORGANIC1,317.95,2026-01-14T23:45:32.073792
ORGANIC9,429.78,2026-01-12T22:10:32.238359
ORGANIC4,1.0,2026-01-04T07:32:37.477065
ORGANIC3,698.69,2026-01-14T23:28:50.491658
ORGANIC9,640.65,2026-01-02T14:28:58.961220
ORGANIC6,487.28,2026-01-13T16:42:11.481960
ORGANIC0,379.37,2026-01-11T16:01:09.475973
ORGANIC6,375.19,2026-01-14T07:52:18.791703
ORGANIC1,320.94,2026-01-02T16:39:26.675322
ORGANIC6,126.98,2026-01-05T10:36:43.609350
ORGANIC4,631.38,2026-01-14T01:31:03.257526
COORD0,838.38,2026-01-05T04:48:25
COORD3,742.46,2026-01-12T04:48:29
COORD0,815.18,2026-01-10T19:12:24
ORGANIC4,439.51,2026-01-11T06:58:45.598966
ORGANIC3,297.2,2026-01-10T06:53:54.989623
ORGANIC7,101.3,2026-01-06T12:23:26.902069
ORGANIC3,280.04,2026-01-05T10:14:07.936610
ORGANIC5,243.7,2026-01-08T12:10:06.550006
ORGANIC0,526.69,2026-01-06T01:37:50.898316
ORGANIC1,1.0,2026-01-12T07:19:08.368499
ORGANIC6,461.28,2026-01-11T21:32:57.324026
ORGANIC5,186.27,2026-01-04T21:47:09.591196
ORGANIC6,540.79,2026-01-11T21:17:55.480820
ORGANIC0,234.3,2026-01-11T18:09:12.103456
ORGANIC1,645.01,2026-01-04T04:55:27.981698
ORGANIC6,260.31,2026-01-03T05:28:37.404964
ORGANIC3,592.85,2026-01-13T07:58:13.304491
COORD2,888.61,2026-01-09T09:36:06
ORGANIC10,66.78,2026-01-07T06:35:11.935180
ORGANIC3,336.67,2026-01-12T10:32:49.161836
ORGANIC6,31.05,2026-01-03T01:30:39.352732
COORD0,484.45,2026-01-01T00:00:20
ORGANIC9,313.45,2026-01-11T19:33:12.878437
ORGANIC9,242.11,2026-01-06T04:30:42.531873
ORGANIC1,454.44,2026-01-06T15:16:50.702831
ORGANIC5,498.45,2026-01-01T23:30:40.321938
ORGANIC8,220.36,2026-01-12T17:58:51.212466
ORGANIC1,417.06,2026-01-06T21:45:08.031544
ORGANIC4,227.78,2026-01-03T05:29:25.710869
ORGANIC1,128.53,2026-01-11T04:58:10.147507
COORD0,627.97,2026-01-13T14:24:02
ORGANIC0,319.14,2026-01-11T18:14:57.027022
ORGANIC3,14.09,2026-01-06T22:19:17.254493
ORGANIC7,1.0,2026-01-07T02:26:27.196626
ORGANIC6,528.88,2026-01-11T18:12:44.704455
ORGANIC8,390.35,2026-01-07T00:00:50.006182
COORD3,738.68,2026-01-03T19:12:14
ORGANIC10,126.79,2026-01-06T03:59:27.137120
ORGANIC5,153.8,2026-01-09T14:48:46.842335
ORGANIC9,1.0,2026-01-09T18:45:12.401719
COORD3,886.87,2026-01-09T09:36:01
ORGANIC6,478.27,2026-01-12T18:11:38.149134
COORD0,625.42,2026-01-02T09:36:28
ORGANIC2,215.92,2026-01-02T02:55:02.828355
COORD0,729.71,2026-01-12T04:48:26
ORGANIC6,608.69,2026-01-12T06:10:51.282027
ORGANIC4,73.47,2026-01-05T22:50:09.676430
ORGANIC6,178.44,2026-01-07T12:05:19.540381
ORGANIC9,166.15,2026-01-12T12:18:11.478522
ORGANIC3,481.45,2026-01-12T16:08:17.897132
ORGANIC0,168.71,2026-01-05T02:36:57.755612
ORGANIC6,476.39,2026-01-11T01:21:51.219388
ORGANIC3,412.06,2026-01-04T17:06:26.421682
ORGANIC3,441.4,2026-01-03T20:37:51.927623
ORGANIC10,22.94,2026-01-04T09:05:44.278531
COORD0,737.56,2026-01-03T19:12:00
ORGANIC0,265.47,2026-01-13T21:56:16.263916
ORGANIC9,230.8,2026-01-10T11:35:19.278174
ORGANIC0,578.37,2026-01-11T01:48:45.737084
ORGANIC0,171.56,2026-01-13T18:48:49.455815
ORGANIC7,223.47,2026-01-04T02:06:03.604654
ORGANIC3,516.06,2026-01-13T15:43:12.000159
ORGANIC0,110.39,2026-01-04T01:47:26.514434
ORGANIC2,319.05,2026-01-09T07:55:54.464762
ORGANIC9,521.38,2026-01-14T10:49:28.641303
ORGANIC6,1.0,2026-01-06T14:17:00.102935
ORGANIC3,295.81,2026-01-11T09:03:12.906738
COORD3,891.73,2026-01-08T00:00:17
ORGANIC8,151.14,2026-01-07T12:15:05.106363
ORGANIC2,388.6,2026-01-06T14:44:58.337868
ORGANIC1,390.56,2026-01-08T13:12:12.548988
ORGANIC7,348.98,2026-01-04T05:42:13.885879
ORGANIC6,102.1,2026-01-04T23:21:08.035480
ORGANIC6,445.87,2026-01-14T18:36:09.013157
COORD3,614.4,2026-01-13T14:24:12
ORGANIC7,7.18,2026-01-09T17:04:42.019994
ORGANIC10,298.58,2026-01-08T18:32:21.145529
ORGANIC8,389.49,2026-01-01T10:25:33.886646
ORGANIC5,429.6,2026-01-10T11:34:43.786602
COORD2,820.51,2026-01-05T04:48:22
ORGANIC0,411.17,2026-01-09T23:59:53.622194
ORGANIC1,506.35,2026-01-07T14:49:02.873427
ORGANIC9,367.35,2026-01-14T12:08:46.247062
ORGANIC6,494.16,2026-01-13T11:43:07.750454
ORGANIC9,390.71,2026-01-05T18:39:13.229112
ORGANIC5,1.0,2026-01-08T16:06:24.853009
ORGANIC4,511.67,2026-01-10T13:10:27.866180
ORGANIC0,302.92,2026-01-06T14:47:28.926382
ORGANIC6,599.4,2026-01-10T15:02:28.070862
ORGANIC5,446.38,2026-01-11T01:43:42.526966
ORGANIC8,625.76,2026-01-04T21:29:39.202277
ORGANIC1,567.66,2026-01-07T04:53:30.949217
ORGANIC0,494.57,2026-01-11T13:56:34.097753
COORD1,491.0,2026-01-01T00:00:23
ORGANIC0,621.53,2026-01-08T13:05:46.929582
ORGANIC1,395.69,2026-01-06T22:10:27.652467
ORGANIC6,686.92,2026-01-12T02:41:42.338759
COORD2,725.79,2026-01-12T04:48:21
ORGANIC8,404.07,2026-01-04T03:20:19.131655
ORGANIC1,580.1,2026-01-04T07:58:10.405733
ORGANIC0,76.38,2026-01-02T22:28:46.078620
ORGANIC8,226.12,2026-01-14T09:38:52.665118
ORGANIC7,164.71,2026-01-09T04:15:02.459421
COORD1,835.84,2026-01-05T04:48:24
ORGANIC1,367.46,2026-01-01T23:51:13.236837
ORGANIC9,477.98,2026-01-01T08:37:40.623482
ORGANIC4,451.08,2026-01-12T04:45:43.351375
ORGANIC10,28.62,2026-01-05T02:51:47.359165
ORGANIC3,440.5,2026-01-02T00:36:56.168242
ORGANIC10,81.68,2026-01-04T21:57:54.907130
ORGANIC7,1.0,2026-01-06T07:48:28.892591
ORGANIC0,1.0,2026-01-03T03:21:16.859884
ORGANIC0,492.26,2026-01-06T23:57:13.557496
ORGANIC4,458.77,2026-01-13T20:35:59.419727
ORGANIC5,561.46,2026-01-13T22:59:35.720188
ORGANIC10,324.83,2026-01-08T16:55:49.896646
ORGANIC5,85.7,2026-01-09T01:44:00.897413
ORGANIC4,141.16,2026-01-06T18:20:08.246261
ORGANIC0,682.36,2026-01-08T17:53:02.044062
ORGANIC0,152.77,2026-01-02T22:54:56.834498
ORGANIC7,1.0,2026-01-08T13:29:28.128358
ORGANIC7,1.0,2026-01-07T13:02:35.124511
COORD1,901.45,2026-01-08T00:00:14
ORGANIC4,304.68,2026-01-01T13:24:16.844563
ORGANIC9,606.99,2026-01-02T01:32:05.339599
ORGANIC5,257.52,2026-01-10T09:19:52.238962
ORGANIC9,664.39,2026-01-02T05:07:07.441488
ORGANIC8,418.64,2026-01-05T13:59:25.785933
ORGANIC3,314.71,2026-01-12T20:17:27.051601
ORGANIC3,116.69,2026-01-10T09:41:16.493692
ORGANIC3,631.34,2026-01-01T01:11:28.865521
ORGANIC1,74.67,2026-01-14T18:40:46.239668
ORGANIC1,440.27,2026-01-04T05:19:06.780549
ORGANIC6,543.33,2026-01-13T09:44:31.205188
ORGANIC2,563.87,2026-01-03T04:53:50.627716
ORGANIC10,161.83,2026-01-07T08:27:30.269947
COORD0,881.74,2026-01-08T00:00:25
ORGANIC5,208.18,2026-01-10T22:09:06.679326
ORGANIC0,539.82,2026-01-09T09:14:43.369363
ORGANIC1,169.46,2026-01-08T16:54:33.497939
ORGANIC9,127.46,2026-01-09T12:02:06.568610
ORGANIC1,474.34,2026-01-03T15:54:36.695650
COORD1,879.52,2026-01-08T00:00:27
COORD2,883.11,2026-01-08T00:00:29
COORD3,880.86,2026-01-08T00:00:30
COORD4,882.43,2026-01-08T00:00:32
COORD5,878.95,2026-01-08T00:00:34
COORD6,881.18,2026-01-08T00:00:36
COORD7,880.27,2026-01-08T00:00:38
COORD8,882.04,2026-01-08T00:00:40
COORD9,879.83,2026-01-08T00:00:42
COORD10,881.67,2026-01-08T00:00:44
COORD11,880.91,2026-01-08T00:00:46
COORD12,882.36,2026-01-08T00:00:48
COORD13,879.74,2026-01-08T00:00:50
COORD14,881.53,2026-01-08T00:00:52