campaign_id,wallet_id,amount,timestamp
CAMP0001,0xWallet0000,1005,2026-01-06 01:10:03
CAMP0001,0xWallet0001,995,2026-01-06 01:10:23
CAMP0001,0xWallet0002,999,2026-01-06 01:10:07
CAMP0001,0xWallet0003,998,2026-01-06 01:10:04
CAMP0001,0xWallet0004,996,2026-01-06 01:10:21
CAMP0001,0xWallet0005,1003,2026-01-06 01:10:02
CAMP0002,0xWallet0000,1004,2026-01-01 14:20:13
CAMP0002,0xWallet0001,995,2026-01-01 14:20:00
CAMP0002,0xWallet0002,996,2026-01-01 14:20:06
CAMP0002,0xWallet0003,998,2026-01-01 14:20:16
CAMP0002,0xWallet0004,1004,2026-01-01 14:20:00
CAMP0002,0xWallet0005,1003,2026-01-01 14:20:06
CAMP0003,0xWallet0000,1005,2026-01-04 17:50:22
CAMP0003,0xWallet0001,1003,2026-01-04 17:50:13
CAMP0003,0xWallet0002,998,2026-01-04 17:50:14
CAMP0003,0xWallet0003,1004,2026-01-04 17:50:08
CAMP0003,0xWallet0004,995,2026-01-04 17:50:24
CAMP0003,0xWallet0005,997,2026-01-04 17:50:22
CAMP0004,0xWallet0006,2501,2026-01-10 07:38:10
CAMP0004,0xWallet0007,2499,2026-01-10 07:38:04
CAMP0004,0xWallet0008,2498,2026-01-10 07:38:30
CAMP0004,0xWallet0009,2500,2026-01-10 07:38:03
CAMP0004,0xWallet0010,2496,2026-01-10 07:38:12
CAMP0005,0xWallet0006,2496,2026-01-04 14:31:11
CAMP0005,0xWallet0007,2500,2026-01-04 14:31:19
CAMP0005,0xWallet0008,2499,2026-01-04 14:31:25
CAMP0005,0xWallet0009,2495,2026-01-04 14:31:23
CAMP0005,0xWallet0010,2502,2026-01-04 14:31:17
CAMP0006,0xWallet0006,2496,2026-01-09 07:24:29
CAMP0006,0xWallet0007,2501,2026-01-09 07:24:02
CAMP0006,0xWallet0008,2503,2026-01-09 07:24:09
CAMP0006,0xWallet0009,2505,2026-01-09 07:24:19
CAMP0006,0xWallet0010,2500,2026-01-09 07:24:18
CAMP0001,0xWallet0011,1675,2026-01-08 20:04:00
CAMP0004,0xWallet0011,669,2026-01-04 23:34:00
CAMP0007,0xWallet0012,475,2026-01-05 08:25:00
CAMP0007,0xWallet0013,2470,2026-01-01 07:46:00
CAMP0007,0xWallet0014,753,2026-01-10 09:26:00
CAMP0007,0xWallet0015,2007,2026-01-04 01:46:00
CAMP0007,0xWallet0016,927,2026-01-04 20:58:00
CAMP0008,0xWallet0012,3213,2026-01-09 01:56:00
CAMP0008,0xWallet0017,3814,2026-01-08 21:23:00
CAMP0008,0xWallet0018,3088,2026-01-08 17:11:00
CAMP0008,0xWallet0019,1432,2026-01-06 18:42:00
CAMP0008,0xWallet0020,3132,2026-01-02 04:05:00
CAMP0008,0xWallet0021,3010,2026-01-01 12:49:00
CAMP0009,0xWallet0012,1816,2026-01-08 08:23:00
CAMP0009,0xWallet0022,684,2026-01-10 14:03:00
CAMP0009,0xWallet0023,1501,2026-01-05 19:49:00
CAMP0009,0xWallet0024,4475,2026-01-02 16:33:00
CAMP0009,0xWallet0025,2105,2026-01-04 16:31:00
CAMP0009,0xWallet0026,1438,2026-01-04 12:11:00
CAMP0010,0xWallet0012,3886,2026-01-05 11:00:00
CAMP0010,0xWallet0027,2311,2026-01-01 19:44:00
CAMP0010,0xWallet0028,4662,2026-01-04 03:55:00
CAMP0010,0xWallet0029,1899,2026-01-03 08:25:00
CAMP0010,0xWallet0030,2756,2026-01-09 13:09:00
CAMP0010,0xWallet0031,558,2026-01-05 10:36:00
CAMP0010,0xWallet0032,1976,2026-01-10 01:15:00
CAMP0011,0xWallet0012,362,2026-01-08 16:56:00
CAMP0011,0xWallet0033,3386,2026-01-07 00:26:00
CAMP0011,0xWallet0034,2293,2026-01-07 10:34:00
CAMP0011,0xWallet0035,642,2026-01-02 18:38:00
CAMP0011,0xWallet0036,1828,2026-01-06 10:49:00
CAMP0011,0xWallet0037,4746,2026-01-02 10:07:00
CAMP0012,0xWallet0012,2677,2026-01-02 21:47:00
CAMP0012,0xWallet0038,4189,2026-01-07 08:47:00
CAMP0012,0xWallet0039,3341,2026-01-07 22:38:00
CAMP0012,0xWallet0040,3858,2026-01-01 03:09:00
CAMP0012,0xWallet0041,1270,2026-01-02 21:34:00
CAMP0013,0xWallet0048,4142,2026-01-03 02:05:00
CAMP0013,0xWallet0076,844,2026-01-04 05:38:00
CAMP0013,0xWallet0080,485,2026-01-02 07:39:00
CAMP0013,0xWallet0122,998,2026-01-06 08:54:00
CAMP0013,0xWallet0115,1352,2026-01-01 21:07:00
CAMP0013,0xWallet0105,1410,2026-01-02 01:28:00
CAMP0013,0xWallet0069,3558,2026-01-08 21:54:00
CAMP0013,0xWallet0143,4985,2026-01-03 11:16:00
CAMP0014,0xWallet0111,4632,2026-01-03 16:50:00
CAMP0014,0xWallet0110,194,2026-01-07 03:18:00
CAMP0014,0xWallet0132,1038,2026-01-10 23:16:00
CAMP0014,0xWallet0148,4498,2026-01-08 16:40:00
CAMP0014,0xWallet0077,2285,2026-01-04 17:53:00
CAMP0015,0xWallet0041,4258,2026-01-08 09:07:00
CAMP0015,0xWallet0088,971,2026-01-07 02:32:00
CAMP0015,0xWallet0124,2544,2026-01-08 07:55:00
CAMP0015,0xWallet0053,4258,2026-01-08 02:53:00
CAMP0015,0xWallet0129,1729,2026-01-06 20:33:00
CAMP0015,0xWallet0013,1352,2026-01-08 02:33:00
CAMP0015,0xWallet0080,3163,2026-01-08 15:36:00
CAMP0015,0xWallet0141,1423,2026-01-06 05:13:00
CAMP0015,0xWallet0058,4518,2026-01-02 19:32:00
CAMP0016,0xWallet0013,666,2026-01-05 21:21:00
CAMP0016,0xWallet0095,4463,2026-01-07 15:15:00
CAMP0016,0xWallet0138,1130,2026-01-05 07:55:00
CAMP0016,0xWallet0017,1151,2026-01-04 19:26:00
CAMP0016,0xWallet0041,3993,2026-01-05 22:19:00
CAMP0016,0xWallet0105,4603,2026-01-07 17:10:00
CAMP0016,0xWallet0091,1452,2026-01-08 11:08:00
CAMP0016,0xWallet0074,2271,2026-01-01 12:55:00
CAMP0016,0xWallet0027,4422,2026-01-09 11:26:00
CAMP0016,0xWallet0033,3566,2026-01-06 17:06:00
CAMP0016,0xWallet0034,1835,2026-01-03 04:32:00
CAMP0016,0xWallet0137,4517,2026-01-08 01:07:00
CAMP0017,0xWallet0092,2130,2026-01-02 02:25:00
CAMP0017,0xWallet0115,1940,2026-01-03 17:43:00
CAMP0017,0xWallet0108,624,2026-01-06 05:55:00
CAMP0017,0xWallet0125,2869,2026-01-03 03:13:00
CAMP0017,0xWallet0145,272,2026-01-01 17:01:00
CAMP0017,0xWallet0128,4919,2026-01-09 02:13:00
CAMP0017,0xWallet0043,4637,2026-01-08 12:05:00
CAMP0018,0xWallet0069,2806,2026-01-10 07:37:00
CAMP0018,0xWallet0014,680,2026-01-03 16:03:00
CAMP0018,0xWallet0031,4311,2026-01-06 13:09:00
CAMP0018,0xWallet0028,2049,2026-01-07 17:32:00
CAMP0018,0xWallet0071,2381,2026-01-10 00:30:00
CAMP0018,0xWallet0030,4076,2026-01-05 18:33:00
CAMP0018,0xWallet0021,1855,2026-01-04 22:35:00
CAMP0019,0xWallet0046,906,2026-01-01 02:41:00
CAMP0019,0xWallet0134,596,2026-01-03 23:37:00
CAMP0019,0xWallet0075,3398,2026-01-08 01:33:00
CAMP0019,0xWallet0117,2879,2026-01-01 16:35:00
CAMP0019,0xWallet0061,995,2026-01-10 02:23:00
CAMP0019,0xWallet0037,2136,2026-01-09 00:14:00
CAMP0019,0xWallet0123,1669,2026-01-09 20:23:00
CAMP0019,0xWallet0103,1658,2026-01-06 07:09:00
CAMP0019,0xWallet0121,4493,2026-01-09 07:50:00
CAMP0019,0xWallet0118,3775,2026-01-07 13:47:00
CAMP0019,0xWallet0132,1248,2026-01-01 16:56:00
CAMP0019,0xWallet0026,3556,2026-01-06 11:09:00
CAMP0020,0xWallet0084,514,2026-01-05 11:19:00
CAMP0020,0xWallet0131,4528,2026-01-06 11:32:00
CAMP0020,0xWallet0076,220,2026-01-05 18:23:00
CAMP0020,0xWallet0032,864,2026-01-06 11:56:00
CAMP0020,0xWallet0126,2036,2026-01-06 22:09:00
CAMP0020,0xWallet0038,1462,2026-01-01 14:38:00
CAMP0021,0xWallet0137,3827,2026-01-07 10:28:00
CAMP0021,0xWallet0136,2436,2026-01-04 09:27:00
CAMP0021,0xWallet0067,3565,2026-01-09 11:05:00
CAMP0021,0xWallet0115,4652,2026-01-04 08:59:00
CAMP0021,0xWallet0028,4086,2026-01-05 09:31:00
CAMP0021,0xWallet0055,1368,2026-01-06 22:51:00
CAMP0021,0xWallet0110,1655,2026-01-07 00:44:00
CAMP0021,0xWallet0013,2530,2026-01-06 00:08:00
CAMP0021,0xWallet0112,1883,2026-01-04 15:56:00
CAMP0021,0xWallet0080,579,2026-01-02 10:22:00
CAMP0022,0xWallet0028,4974,2026-01-09 09:16:00
CAMP0022,0xWallet0093,656,2026-01-01 01:04:00
CAMP0022,0xWallet0027,2026,2026-01-06 13:26:00
CAMP0022,0xWallet0025,3407,2026-01-02 18:48:00
CAMP0022,0xWallet0135,1082,2026-01-04 19:03:00
CAMP0022,0xWallet0141,4766,2026-01-10 08:00:00
CAMP0022,0xWallet0148,2116,2026-01-02 09:47:00
CAMP0022,0xWallet0053,4842,2026-01-02 20:55:00
CAMP0022,0xWallet0143,4970,2026-01-07 17:27:00
CAMP0022,0xWallet0033,425,2026-01-04 15:38:00
CAMP0022,0xWallet0060,771,2026-01-04 21:38:00
CAMP0022,0xWallet0030,3534,2026-01-05 16:16:00
CAMP0023,0xWallet0093,700,2026-01-01 06:31:00
CAMP0023,0xWallet0079,4504,2026-01-10 17:06:00
CAMP0023,0xWallet0065,1846,2026-01-09 19:46:00
CAMP0023,0xWallet0074,4244,2026-01-09 19:06:00
CAMP0023,0xWallet0080,2272,2026-01-05 02:12:00
CAMP0023,0xWallet0114,1185,2026-01-03 11:21:00
CAMP0023,0xWallet0046,2959,2026-01-08 06:30:00
CAMP0023,0xWallet0089,663,2026-01-05 07:04:00
CAMP0023,0xWallet0130,2101,2026-01-03 03:39:00
CAMP0023,0xWallet0031,3127,2026-01-05 08:38:00
CAMP0023,0xWallet0015,2434,2026-01-06 19:52:00
CAMP0023,0xWallet0038,1392,2026-01-10 19:51:00
CAMP0024,0xWallet0090,2408,2026-01-10 01:47:00
CAMP0024,0xWallet0148,1825,2026-01-03 03:44:00
CAMP0024,0xWallet0015,2908,2026-01-06 00:15:00
CAMP0024,0xWallet0089,1767,2026-01-09 21:10:00
CAMP0024,0xWallet0039,2262,2026-01-02 16:54:00
CAMP0024,0xWallet0047,4240,2026-01-09 05:17:00
CAMP0024,0xWallet0080,4102,2026-01-10 17:59:00
CAMP0024,0xWallet0042,2157,2026-01-07 05:56:00
CAMP0024,0xWallet0040,516,2026-01-02 21:31:00
CAMP0024,0xWallet0052,856,2026-01-10 20:23:00
CAMP0024,0xWallet0082,3569,2026-01-08 14:45:00
CAMP0025,0xWallet0024,4694,2026-01-06 15:54:00
CAMP0025,0xWallet0013,179,2026-01-07 18:42:00
CAMP0025,0xWallet0098,1016,2026-01-04 12:16:00
CAMP0025,0xWallet0046,716,2026-01-06 15:10:00
CAMP0025,0xWallet0080,1321,2026-01-10 13:33:00
CAMP0025,0xWallet0054,4569,2026-01-08 13:22:00
CAMP0025,0xWallet0126,395,2026-01-03 16:00:00
CAMP0025,0xWallet0122,3124,2026-01-01 17:08:00
CAMP00026,0xWallet0000,1005,2026-01-06 01:10:03
CAMP00026,0xWallet0001,995,2026-01-06 01:10:23
CAMP00026,0xWallet0002,999,2026-01-06 01:10:07
CAMP00026,0xWallet0003,998,2026-01-06 01:10:04
CAMP00026,0xWallet0004,996,2026-01-06 01:10:21
CAMP00026,0xWallet0005,1003,2026-01-06 01:10:02

CAMP00027,0xWallet0000,1004,2026-01-08 14:20:13
CAMP00027,0xWallet0001,995,2026-01-08 14:20:00
CAMP00027,0xWallet0002,1001,2026-01-08 14:20:11
CAMP00027,0xWallet0003,997,2026-01-08 14:20:08
CAMP00027,0xWallet0004,1002,2026-01-08 14:20:17
CAMP00027,0xWallet0005,998,2026-01-08 14:20:04

CAMP00028,0xWallet0000,1000,2026-01-10 09:35:05
CAMP00028,0xWallet0001,1002,2026-01-10 09:35:19
CAMP00028,0xWallet0002,996,2026-01-10 09:35:10
CAMP00028,0xWallet0003,1001,2026-01-10 09:35:14
CAMP00028,0xWallet0004,999,2026-01-10 09:35:02
CAMP00028,0xWallet0005,997,2026-01-10 09:35:21