campaign_id,current_funding,previous_funding,transactions_per_minute,total_transactions,new_users,total_users,campaign_duration_hours,timestamps,amounts
CAMP0001,6455,0,0.011842105263157895,27,4,21,38,"['2026-07-07T09:35:31.399861', '2026-07-07T09:38:27.399861', '2026-07-07T09:42:38.399861', '2026-07-07T09:47:12.399861', '2026-07-07T09:51:06.399861', '2026-07-07T09:52:24.399861', '2026-07-07T09:56:46.399861', '2026-07-07T10:00:40.399861', '2026-07-07T10:04:18.399861', '2026-07-07T10:07:14.399861', '2026-07-07T10:11:21.399861', '2026-07-07T10:12:06.399861', '2026-07-07T10:13:24.399861', '2026-07-07T10:15:45.399861', '2026-07-07T10:20:29.399861', '2026-07-07T10:21:04.399861', '2026-07-07T10:23:17.399861', '2026-07-07T10:28:16.399861', '2026-07-07T10:29:18.399861', '2026-07-07T10:33:21.399861', '2026-07-07T10:34:18.399861', '2026-07-07T10:34:50.399861', '2026-07-07T10:38:59.399861', '2026-07-07T10:41:43.399861', '2026-07-07T10:43:23.399861', '2026-07-07T10:45:10.399861', '2026-07-07T10:46:44.399861']","[1000, 250, 999, 1000, 5000, 1000, 137, 137, 5000, 1000, 999, 250, 250, 1000, 137, 1000, 1000, 5000, 137, 1000, 1000, 10000, 1000, 999, 137, 10000, 10000]"
CAMP0002,18984,0,0.011666666666666667,42,3,31,60,"['2026-07-07T09:38:38.399861', '2026-07-07T09:41:00.399861', '2026-07-07T09:45:18.399861', '2026-07-07T09:48:50.399861', '2026-07-07T09:51:22.399861', '2026-07-07T09:55:34.399861', '2026-07-07T09:57:46.399861', '2026-07-07T09:58:48.399861', '2026-07-07T10:01:45.399861', '2026-07-07T10:06:39.399861', '2026-07-07T10:11:37.399861', '2026-07-07T10:14:18.399861', '2026-07-07T10:16:32.399861', '2026-07-07T10:16:57.399861', '2026-07-07T10:17:23.399861', '2026-07-07T10:18:05.399861', '2026-07-07T10:18:27.399861', '2026-07-07T10:22:25.399861', '2026-07-07T10:26:44.399861', '2026-07-07T10:30:08.399861', '2026-07-07T10:30:51.399861', '2026-07-07T10:33:27.399861', '2026-07-07T10:36:23.399861', '2026-07-07T10:37:17.399861', '2026-07-07T10:38:04.399861', '2026-07-07T10:40:26.399861', '2026-07-07T10:41:32.399861', '2026-07-07T10:44:24.399861', '2026-07-07T10:44:45.399861', '2026-07-07T10:46:31.399861', '2026-07-07T10:51:31.399861', '2026-07-07T10:55:13.399861', '2026-07-07T10:59:50.399861', '2026-07-07T11:01:21.399861', '2026-07-07T11:02:37.399861', '2026-07-07T11:05:19.399861', '2026-07-07T11:08:27.399861', '2026-07-07T11:11:02.399861', '2026-07-07T11:12:39.399861', '2026-07-07T11:16:32.399861', '2026-07-07T11:20:11.399861', '2026-07-07T11:24:05.399861']","[5000, 5000, 5000, 10000, 137, 5000, 10000, 999, 250, 999, 137, 5000, 999, 1000, 10000, 1000, 10000, 1000, 999, 5000, 250, 999, 1000, 10000, 1000, 10000, 10000, 999, 137, 1000, 999, 137, 5000, 10000, 1000, 10000, 5000, 137, 10000, 250, 137, 5000]"
CAMP0003,19894,0,0.002777777777777778,10,39,60,60,"['2026-07-07T09:38:32.399861', '2026-07-07T09:40:03.399861', '2026-07-07T09:44:47.399861', '2026-07-07T09:48:09.399861', '2026-07-07T09:49:44.399861', '2026-07-07T09:51:28.399861', '2026-07-07T09:52:00.399861', '2026-07-07T09:56:03.399861', '2026-07-07T09:58:16.399861', '2026-07-07T10:00:23.399861']","[1000, 999, 999, 137, 1000, 5000, 10000, 5000, 10000, 250]"
CAMP0004,12715,0,0.03048780487804878,75,27,30,41,"['2026-07-07T09:38:04.399861', '2026-07-07T09:42:39.399861', '2026-07-07T09:43:54.399861', '2026-07-07T09:48:23.399861', '2026-07-07T09:50:48.399861', '2026-07-07T09:52:54.399861', '2026-07-07T09:53:38.399861', '2026-07-07T09:57:53.399861', '2026-07-07T10:01:40.399861', '2026-07-07T10:03:06.399861', '2026-07-07T10:07:19.399861', '2026-07-07T10:10:00.399861', '2026-07-07T10:13:56.399861', '2026-07-07T10:15:39.399861', '2026-07-07T10:16:50.399861', '2026-07-07T10:17:23.399861', '2026-07-07T10:22:05.399861', '2026-07-07T10:22:45.399861', '2026-07-07T10:25:32.399861', '2026-07-07T10:26:31.399861', '2026-07-07T10:30:13.399861', '2026-07-07T10:30:44.399861', '2026-07-07T10:35:03.399861', '2026-07-07T10:36:52.399861', '2026-07-07T10:37:20.399861', '2026-07-07T10:38:36.399861', '2026-07-07T10:41:08.399861', '2026-07-07T10:42:27.399861', '2026-07-07T10:42:51.399861', '2026-07-07T10:46:28.399861', '2026-07-07T10:50:53.399861', '2026-07-07T10:51:44.399861', '2026-07-07T10:55:40.399861', '2026-07-07T10:59:34.399861', '2026-07-07T11:00:53.399861', '2026-07-07T11:01:39.399861', '2026-07-07T11:03:43.399861', '2026-07-07T11:08:38.399861', '2026-07-07T11:12:45.399861', '2026-07-07T11:15:13.399861', '2026-07-07T11:18:00.399861', '2026-07-07T11:18:45.399861', '2026-07-07T11:21:53.399861', '2026-07-07T11:23:18.399861', '2026-07-07T11:25:23.399861', '2026-07-07T11:29:31.399861', '2026-07-07T11:30:07.399861', '2026-07-07T11:32:43.399861', '2026-07-07T11:34:34.399861', '2026-07-07T11:36:41.399861', '2026-07-07T11:39:05.399861', '2026-07-07T11:39:44.399861', '2026-07-07T11:42:39.399861', '2026-07-07T11:44:54.399861', '2026-07-07T11:48:04.399861', '2026-07-07T11:49:30.399861', '2026-07-07T11:53:41.399861', '2026-07-07T11:57:07.399861', '2026-07-07T12:00:25.399861', '2026-07-07T12:03:30.399861', '2026-07-07T12:07:51.399861', '2026-07-07T12:08:20.399861', '2026-07-07T12:13:08.399861', '2026-07-07T12:13:44.399861', '2026-07-07T12:18:21.399861', '2026-07-07T12:22:02.399861', '2026-07-07T12:23:14.399861', '2026-07-07T12:26:32.399861', '2026-07-07T12:27:58.399861', '2026-07-07T12:30:08.399861', '2026-07-07T12:33:12.399861', '2026-07-07T12:35:49.399861', '2026-07-07T12:39:13.399861', '2026-07-07T12:43:04.399861', '2026-07-07T12:47:39.399861']","[5000, 1000, 137, 999, 999, 999, 999, 10000, 250, 999, 10000, 10000, 1000, 1000, 10000, 999, 250, 10000, 137, 999, 5000, 1000, 250, 5000, 137, 137, 137, 1000, 999, 250, 250, 1000, 5000, 10000, 137, 1000, 1000, 250, 5000, 1000, 999, 137, 5000, 137, 1000, 1000, 1000, 250, 250, 10000, 1000, 137, 10000, 999, 137, 137, 137, 1000, 1000, 137, 5000, 999, 1000, 10000, 250, 10000, 5000, 137, 137, 10000, 999, 10000, 10000, 137, 10000]"
CAMP0005,23704,0,0.09090909090909091,60,87,95,11,"['2026-07-07T09:37:36.399861', '2026-07-07T09:38:08.399861', '2026-07-07T09:40:51.399861', '2026-07-07T09:43:30.399861', '2026-07-07T09:47:22.399861', '2026-07-07T09:52:01.399861', '2026-07-07T09:54:40.399861', '2026-07-07T09:56:37.399861', '2026-07-07T10:01:21.399861', '2026-07-07T10:02:54.399861', '2026-07-07T10:07:14.399861', '2026-07-07T10:09:55.399861', '2026-07-07T10:14:00.399861', '2026-07-07T10:15:01.399861', '2026-07-07T10:15:47.399861', '2026-07-07T10:19:48.399861', '2026-07-07T10:21:38.399861', '2026-07-07T10:21:58.399861', '2026-07-07T10:26:19.399861', '2026-07-07T10:28:36.399861', '2026-07-07T10:31:52.399861', '2026-07-07T10:36:25.399861', '2026-07-07T10:37:17.399861', '2026-07-07T10:39:01.399861', '2026-07-07T10:41:25.399861', '2026-07-07T10:45:48.399861', '2026-07-07T10:49:44.399861', '2026-07-07T10:52:05.399861', '2026-07-07T10:55:16.399861', '2026-07-07T10:57:49.399861', '2026-07-07T11:00:53.399861', '2026-07-07T11:01:29.399861', '2026-07-07T11:02:03.399861', '2026-07-07T11:06:10.399861', '2026-07-07T11:07:38.399861', '2026-07-07T11:12:11.399861', '2026-07-07T11:15:20.399861', '2026-07-07T11:17:52.399861', '2026-07-07T11:18:24.399861', '2026-07-07T11:21:21.399861', '2026-07-07T11:25:05.399861', '2026-07-07T11:29:26.399861', '2026-07-07T11:32:00.399861', '2026-07-07T11:32:53.399861', '2026-07-07T11:34:55.399861', '2026-07-07T11:38:24.399861', '2026-07-07T11:40:34.399861', '2026-07-07T11:43:34.399861', '2026-07-07T11:44:44.399861', '2026-07-07T11:47:14.399861', '2026-07-07T11:51:27.399861', '2026-07-07T11:54:24.399861', '2026-07-07T11:55:11.399861', '2026-07-07T11:58:13.399861', '2026-07-07T12:02:14.399861', '2026-07-07T12:05:49.399861', '2026-07-07T12:07:13.399861', '2026-07-07T12:08:57.399861', '2026-07-07T12:11:21.399861', '2026-07-07T12:15:37.399861']","[999, 999, 10000, 250, 137, 137, 999, 5000, 5000, 10000, 137, 137, 5000, 1000, 5000, 1000, 1000, 137, 5000, 10000, 999, 137, 137, 5000, 137, 5000, 137, 5000, 10000, 1000, 250, 5000, 137, 1000, 1000, 999, 5000, 1000, 999, 1000, 10000, 5000, 137, 1000, 5000, 137, 10000, 1000, 1000, 10000, 250, 137, 1000, 1000, 250, 5000, 250, 250, 10000, 10000]"
CAMP0006,22263,11310,0.008333333333333333,14,48,75,28,"['2026-07-07T09:37:49.399861', '2026-07-07T09:42:10.399861', '2026-07-07T09:43:18.399861', '2026-07-07T09:47:17.399861', '2026-07-07T09:49:19.399861', '2026-07-07T09:53:57.399861', '2026-07-07T09:57:19.399861', '2026-07-07T09:59:10.399861', '2026-07-07T10:02:03.399861', '2026-07-07T10:04:51.399861', '2026-07-07T10:07:50.399861', '2026-07-07T10:11:49.399861', '2026-07-07T10:16:29.399861', '2026-07-07T10:19:07.399861']","[137, 1000, 10000, 137, 1000, 10000, 10000, 5000, 1000, 5000, 10000, 5000, 1000, 5000]"
CAMP0007,27559,0,0.046875,45,28,47,16,"['2026-07-07T09:35:35.399861', '2026-07-07T09:35:56.399861', '2026-07-07T09:38:06.399861', '2026-07-07T09:39:08.399861', '2026-07-07T09:39:45.399861', '2026-07-07T09:40:24.399861', '2026-07-07T09:44:38.399861', '2026-07-07T09:45:23.399861', '2026-07-07T09:48:34.399861', '2026-07-07T09:49:42.399861', '2026-07-07T09:54:29.399861', '2026-07-07T09:55:15.399861', '2026-07-07T09:56:09.399861', '2026-07-07T09:58:57.399861', '2026-07-07T10:02:35.399861', '2026-07-07T10:06:39.399861', '2026-07-07T10:11:22.399861', '2026-07-07T10:11:44.399861', '2026-07-07T10:15:57.399861', '2026-07-07T10:16:35.399861', '2026-07-07T10:21:06.399861', '2026-07-07T10:25:46.399861', '2026-07-07T10:28:48.399861', '2026-07-07T10:32:15.399861', '2026-07-07T10:36:00.399861', '2026-07-07T10:39:17.399861', '2026-07-07T10:42:31.399861', '2026-07-07T10:43:43.399861', '2026-07-07T10:47:27.399861', '2026-07-07T10:51:34.399861', '2026-07-07T10:56:00.399861', '2026-07-07T10:56:28.399861', '2026-07-07T10:58:24.399861', '2026-07-07T11:00:28.399861', '2026-07-07T11:01:09.399861', '2026-07-07T11:05:38.399861', '2026-07-07T11:07:59.399861', '2026-07-07T11:10:50.399861', '2026-07-07T11:14:32.399861', '2026-07-07T11:17:42.399861', '2026-07-07T11:20:57.399861', '2026-07-07T11:23:08.399861', '2026-07-07T11:23:41.399861', '2026-07-07T11:27:38.399861', '2026-07-07T11:29:39.399861']","[5000, 1000, 250, 999, 5000, 5000, 10000, 10000, 250, 10000, 1000, 5000, 999, 5000, 250, 10000, 1000, 999, 250, 1000, 1000, 5000, 10000, 137, 250, 999, 250, 137, 137, 250, 10000, 137, 1000, 999, 137, 137, 5000, 1000, 5000, 250, 999, 999, 137, 250, 10000]"
CAMP0008,9846,0,0.003125,12,40,83,64,"['2026-07-07T09:39:47.399861', '2026-07-07T09:42:44.399861', '2026-07-07T09:45:48.399861', '2026-07-07T09:48:50.399861', '2026-07-07T09:52:32.399861', '2026-07-07T09:55:05.399861', '2026-07-07T09:57:05.399861', '2026-07-07T10:00:12.399861', '2026-07-07T10:04:09.399861', '2026-07-07T10:08:06.399861', '2026-07-07T10:09:45.399861', '2026-07-07T10:14:32.399861']","[10000, 999, 137, 250, 1000, 10000, 250, 137, 1000, 1000, 10000, 999]"
CAMP0009,11948,0,0.023333333333333334,63,60,71,45,"['2026-07-07T09:39:18.399861', '2026-07-07T09:43:58.399861', '2026-07-07T09:46:57.399861', '2026-07-07T09:51:39.399861', '2026-07-07T09:54:30.399861', '2026-07-07T09:58:55.399861', '2026-07-07T10:01:01.399861', '2026-07-07T10:06:00.399861', '2026-07-07T10:07:36.399861', '2026-07-07T10:08:04.399861', '2026-07-07T10:10:20.399861', '2026-07-07T10:14:41.399861', '2026-07-07T10:19:14.399861', '2026-07-07T10:21:30.399861', '2026-07-07T10:23:03.399861', '2026-07-07T10:24:49.399861', '2026-07-07T10:28:47.399861', '2026-07-07T10:33:23.399861', '2026-07-07T10:35:40.399861', '2026-07-07T10:39:01.399861', '2026-07-07T10:42:02.399861', '2026-07-07T10:46:09.399861', '2026-07-07T10:47:59.399861', '2026-07-07T10:52:09.399861', '2026-07-07T10:57:07.399861', '2026-07-07T10:59:02.399861', '2026-07-07T11:02:38.399861', '2026-07-07T11:07:19.399861', '2026-07-07T11:07:48.399861', '2026-07-07T11:10:16.399861', '2026-07-07T11:11:53.399861', '2026-07-07T11:15:24.399861', '2026-07-07T11:18:12.399861', '2026-07-07T11:20:13.399861', '2026-07-07T11:21:56.399861', '2026-07-07T11:23:20.399861', '2026-07-07T11:24:58.399861', '2026-07-07T11:28:41.399861', '2026-07-07T11:30:06.399861', '2026-07-07T11:33:53.399861', '2026-07-07T11:34:27.399861', '2026-07-07T11:38:08.399861', '2026-07-07T11:42:33.399861', '2026-07-07T11:44:48.399861', '2026-07-07T11:45:31.399861', '2026-07-07T11:46:42.399861', '2026-07-07T11:49:19.399861', '2026-07-07T11:51:30.399861', '2026-07-07T11:53:58.399861', '2026-07-07T11:54:44.399861', '2026-07-07T11:58:18.399861', '2026-07-07T11:59:35.399861', '2026-07-07T12:01:13.399861', '2026-07-07T12:04:06.399861', '2026-07-07T12:07:08.399861', '2026-07-07T12:07:59.399861', '2026-07-07T12:12:13.399861', '2026-07-07T12:12:44.399861', '2026-07-07T12:13:48.399861', '2026-07-07T12:14:17.399861', '2026-07-07T12:16:00.399861', '2026-07-07T12:19:00.399861', '2026-07-07T12:24:00.399861']","[5000, 137, 10000, 1000, 1000, 5000, 137, 10000, 10000, 10000, 10000, 250, 999, 10000, 250, 1000, 137, 999, 5000, 10000, 10000, 10000, 250, 250, 999, 1000, 999, 5000, 10000, 137, 137, 1000, 999, 1000, 1000, 10000, 250, 137, 5000, 1000, 1000, 999, 250, 10000, 10000, 999, 1000, 5000, 1000, 10000, 250, 137, 10000, 10000, 5000, 5000, 5000, 5000, 5000, 250, 250, 999, 1000]"
CAMP0010,27654,0,0.018452380952380953,62,53,57,56,"['2026-07-07T09:39:23.399861', '2026-07-07T09:44:21.399861', '2026-07-07T09:46:50.399861', '2026-07-07T09:48:59.399861', '2026-07-07T09:51:50.399861', '2026-07-07T09:53:18.399861', '2026-07-07T09:55:53.399861', '2026-07-07T09:58:18.399861', '2026-07-07T10:01:10.399861', '2026-07-07T10:04:18.399861', '2026-07-07T10:08:05.399861', '2026-07-07T10:10:03.399861', '2026-07-07T10:12:36.399861', '2026-07-07T10:15:49.399861', '2026-07-07T10:17:15.399861', '2026-07-07T10:20:18.399861', '2026-07-07T10:24:25.399861', '2026-07-07T10:28:41.399861', '2026-07-07T10:33:25.399861', '2026-07-07T10:38:10.399861', '2026-07-07T10:40:25.399861', '2026-07-07T10:43:18.399861', '2026-07-07T10:45:18.399861', '2026-07-07T10:49:19.399861', '2026-07-07T10:50:24.399861', '2026-07-07T10:54:49.399861', '2026-07-07T10:58:11.399861', '2026-07-07T11:01:35.399861', '2026-07-07T11:04:31.399861', '2026-07-07T11:06:33.399861', '2026-07-07T11:09:40.399861', '2026-07-07T11:11:40.399861', '2026-07-07T11:15:27.399861', '2026-07-07T11:16:05.399861', '2026-07-07T11:18:59.399861', '2026-07-07T11:19:46.399861', '2026-07-07T11:22:35.399861', '2026-07-07T11:27:13.399861', '2026-07-07T11:29:58.399861', '2026-07-07T11:34:47.399861', '2026-07-07T11:35:27.399861', '2026-07-07T11:36:29.399861', '2026-07-07T11:40:28.399861', '2026-07-07T11:42:56.399861', '2026-07-07T11:45:38.399861', '2026-07-07T11:48:14.399861', '2026-07-07T11:52:43.399861', '2026-07-07T11:57:36.399861', '2026-07-07T12:00:31.399861', '2026-07-07T12:04:17.399861', '2026-07-07T12:06:43.399861', '2026-07-07T12:11:07.399861', '2026-07-07T12:12:05.399861', '2026-07-07T12:12:37.399861', '2026-07-07T12:17:09.399861', '2026-07-07T12:21:03.399861', '2026-07-07T12:23:41.399861', '2026-07-07T12:26:28.399861', '2026-07-07T12:31:24.399861', '2026-07-07T12:32:27.399861', '2026-07-07T12:33:32.399861', '2026-07-07T12:35:08.399861']","[5000, 250, 999, 5000, 999, 137, 137, 999, 999, 250, 10000, 5000, 137, 5000, 250, 999, 137, 137, 5000, 1000, 5000, 5000, 999, 10000, 5000, 250, 250, 5000, 1000, 10000, 137, 10000, 999, 10000, 10000, 5000, 137, 1000, 10000, 137, 5000, 10000, 137, 137, 1000, 250, 999, 250, 10000, 250, 1000, 1000, 137, 250, 137, 1000, 5000, 999, 999, 5000, 10000, 250]"
CAMP0011,10518,0,0.12833333333333333,77,5,32,10,"['2026-07-07T09:37:31.399861', '2026-07-07T09:41:26.399861', '2026-07-07T09:41:54.399861', '2026-07-07T09:44:49.399861', '2026-07-07T09:45:29.399861', '2026-07-07T09:48:41.399861', '2026-07-07T09:50:17.399861', '2026-07-07T09:51:01.399861', '2026-07-07T09:53:17.399861', '2026-07-07T09:58:08.399861', '2026-07-07T10:01:09.399861', '2026-07-07T10:05:18.399861', '2026-07-07T10:05:47.399861', '2026-07-07T10:09:39.399861', '2026-07-07T10:11:58.399861', '2026-07-07T10:16:12.399861', '2026-07-07T10:19:57.399861', '2026-07-07T10:24:35.399861', '2026-07-07T10:28:27.399861', '2026-07-07T10:32:45.399861', '2026-07-07T10:36:54.399861', '2026-07-07T10:39:01.399861', '2026-07-07T10:40:35.399861', '2026-07-07T10:44:19.399861', '2026-07-07T10:48:47.399861', '2026-07-07T10:50:01.399861', '2026-07-07T10:51:51.399861', '2026-07-07T10:54:28.399861', '2026-07-07T10:55:05.399861', '2026-07-07T10:59:25.399861', '2026-07-07T11:00:52.399861', '2026-07-07T11:02:22.399861', '2026-07-07T11:05:24.399861', '2026-07-07T11:08:05.399861', '2026-07-07T11:09:40.399861', '2026-07-07T11:12:17.399861', '2026-07-07T11:14:42.399861', '2026-07-07T11:15:24.399861', '2026-07-07T11:17:17.399861', '2026-07-07T11:18:00.399861', '2026-07-07T11:20:14.399861', '2026-07-07T11:22:16.399861', '2026-07-07T11:24:41.399861', '2026-07-07T11:28:32.399861', '2026-07-07T11:32:48.399861', '2026-07-07T11:33:21.399861', '2026-07-07T11:36:05.399861', '2026-07-07T11:40:22.399861', '2026-07-07T11:40:58.399861', '2026-07-07T11:44:46.399861', '2026-07-07T11:45:57.399861', '2026-07-07T11:46:22.399861', '2026-07-07T11:48:04.399861', '2026-07-07T11:49:39.399861', '2026-07-07T11:50:49.399861', '2026-07-07T11:55:15.399861', '2026-07-07T11:57:09.399861', '2026-07-07T12:00:59.399861', '2026-07-07T12:01:40.399861', '2026-07-07T12:03:49.399861', '2026-07-07T12:06:32.399861', '2026-07-07T12:08:43.399861', '2026-07-07T12:09:48.399861', '2026-07-07T12:12:35.399861', '2026-07-07T12:12:56.399861', '2026-07-07T12:14:55.399861', '2026-07-07T12:15:47.399861', '2026-07-07T12:20:15.399861', '2026-07-07T12:22:17.399861', '2026-07-07T12:26:16.399861', '2026-07-07T12:27:15.399861', '2026-07-07T12:28:56.399861', '2026-07-07T12:29:57.399861', '2026-07-07T12:33:40.399861', '2026-07-07T12:36:10.399861', '2026-07-07T12:36:42.399861', '2026-07-07T12:38:39.399861']","[137, 5000, 5000, 5000, 250, 1000, 137, 10000, 10000, 999, 1000, 137, 137, 250, 250, 250, 1000, 137, 1000, 250, 1000, 10000, 1000, 1000, 1000, 1000, 250, 999, 999, 5000, 10000, 5000, 1000, 5000, 1000, 1000, 5000, 10000, 10000, 250, 999, 5000, 137, 1000, 1000, 1000, 10000, 999, 5000, 1000, 1000, 250, 250, 999, 250, 1000, 10000, 999, 1000, 250, 10000, 5000, 999, 999, 137, 10000, 999, 999, 250, 1000, 999, 1000, 1000, 1000, 137, 1000, 10000]"
CAMP0012,19148,0,0.013235294117647059,27,36,49,34,"['2026-07-07T09:39:52.399861', '2026-07-07T09:40:36.399861', '2026-07-07T09:42:06.399861', '2026-07-07T09:45:22.399861', '2026-07-07T09:49:46.399861', '2026-07-07T09:51:07.399861', '2026-07-07T09:55:46.399861', '2026-07-07T10:00:39.399861', '2026-07-07T10:03:52.399861', '2026-07-07T10:05:40.399861', '2026-07-07T10:08:35.399861', '2026-07-07T10:11:38.399861', '2026-07-07T10:15:24.399861', '2026-07-07T10:16:48.399861', '2026-07-07T10:21:02.399861', '2026-07-07T10:22:35.399861', '2026-07-07T10:25:43.399861', '2026-07-07T10:28:48.399861', '2026-07-07T10:30:41.399861', '2026-07-07T10:31:04.399861', '2026-07-07T10:33:46.399861', '2026-07-07T10:37:48.399861', '2026-07-07T10:40:19.399861', '2026-07-07T10:40:49.399861', '2026-07-07T10:43:59.399861', '2026-07-07T10:46:26.399861', '2026-07-07T10:50:26.399861']","[999, 10000, 250, 1000, 10000, 250, 250, 999, 250, 1000, 10000, 999, 1000, 5000, 250, 5000, 999, 250, 137, 137, 999, 999, 1000, 250, 137, 999, 10000]"
CAMP0013,75393,47330,0.012801932367149759,53,44,77,69,"['2026-07-07T09:37:10.399861', '2026-07-07T09:37:57.399861', '2026-07-07T09:40:15.399861', '2026-07-07T09:43:22.399861', '2026-07-07T09:43:53.399861', '2026-07-07T09:45:43.399861', '2026-07-07T09:50:32.399861', '2026-07-07T09:52:54.399861', '2026-07-07T09:55:29.399861', '2026-07-07T10:00:18.399861', '2026-07-07T10:03:16.399861', '2026-07-07T10:05:56.399861', '2026-07-07T10:09:14.399861', '2026-07-07T10:09:45.399861', '2026-07-07T10:14:27.399861', '2026-07-07T10:16:03.399861', '2026-07-07T10:18:34.399861', '2026-07-07T10:20:09.399861', '2026-07-07T10:21:25.399861', '2026-07-07T10:26:23.399861', '2026-07-07T10:27:05.399861', '2026-07-07T10:30:41.399861', '2026-07-07T10:35:39.399861', '2026-07-07T10:37:43.399861', '2026-07-07T10:40:48.399861', '2026-07-07T10:42:07.399861', '2026-07-07T10:44:09.399861', '2026-07-07T10:46:05.399861', '2026-07-07T10:50:56.399861', '2026-07-07T10:55:22.399861', '2026-07-07T10:58:30.399861', '2026-07-07T11:03:29.399861', '2026-07-07T11:04:42.399861', '2026-07-07T11:08:22.399861', '2026-07-07T11:09:27.399861', '2026-07-07T11:11:19.399861', '2026-07-07T11:15:00.399861', '2026-07-07T11:17:21.399861', '2026-07-07T11:18:29.399861', '2026-07-07T11:19:50.399861', '2026-07-07T11:20:38.399861', '2026-07-07T11:25:00.399861', '2026-07-07T11:27:16.399861', '2026-07-07T11:31:16.399861', '2026-07-07T11:31:46.399861', '2026-07-07T11:32:46.399861', '2026-07-07T11:35:17.399861', '2026-07-07T11:38:49.399861', '2026-07-07T11:43:18.399861', '2026-07-07T11:46:34.399861', '2026-07-07T11:47:49.399861', '2026-07-07T11:51:05.399861', '2026-07-07T11:52:00.399861']","[5000, 10000, 1000, 999, 137, 999, 5000, 5000, 10000, 10000, 1000, 999, 10000, 1000, 5000, 10000, 250, 5000, 999, 10000, 5000, 999, 5000, 999, 1000, 10000, 1000, 137, 250, 1000, 250, 5000, 10000, 5000, 10000, 137, 250, 137, 250, 5000, 10000, 5000, 999, 250, 5000, 999, 10000, 5000, 137, 250, 1000, 10000, 5000]"
CAMP0014,4435,0,0.008205128205128205,32,16,89,65,"['2026-07-07T09:36:10.399861', '2026-07-07T09:40:59.399861', '2026-07-07T09:43:05.399861', '2026-07-07T09:44:27.399861', '2026-07-07T09:49:11.399861', '2026-07-07T09:51:00.399861', '2026-07-07T09:53:26.399861', '2026-07-07T09:57:58.399861', '2026-07-07T09:59:33.399861', '2026-07-07T10:01:11.399861', '2026-07-07T10:02:07.399861', '2026-07-07T10:02:46.399861', '2026-07-07T10:04:46.399861', '2026-07-07T10:05:47.399861', '2026-07-07T10:07:42.399861', '2026-07-07T10:10:12.399861', '2026-07-07T10:15:07.399861', '2026-07-07T10:17:27.399861', '2026-07-07T10:22:27.399861', '2026-07-07T10:25:14.399861', '2026-07-07T10:27:40.399861', '2026-07-07T10:29:34.399861', '2026-07-07T10:30:56.399861', '2026-07-07T10:32:47.399861', '2026-07-07T10:36:11.399861', '2026-07-07T10:41:11.399861', '2026-07-07T10:44:46.399861', '2026-07-07T10:47:27.399861', '2026-07-07T10:50:53.399861', '2026-07-07T10:51:24.399861', '2026-07-07T10:54:56.399861', '2026-07-07T10:59:54.399861']","[250, 10000, 10000, 10000, 5000, 5000, 5000, 250, 999, 5000, 250, 137, 1000, 137, 250, 10000, 1000, 10000, 1000, 10000, 10000, 5000, 10000, 1000, 137, 137, 1000, 137, 1000, 1000, 250, 999]"
CAMP0015,55287,38274,0.023655913978494623,44,12,34,31,"['2026-07-07T09:36:03.399861', '2026-07-07T09:38:02.399861', '2026-07-07T09:39:48.399861', '2026-07-07T09:41:52.399861', '2026-07-07T09:46:35.399861', '2026-07-07T09:47:21.399861', '2026-07-07T09:50:57.399861', '2026-07-07T09:51:43.399861', '2026-07-07T09:52:09.399861', '2026-07-07T09:55:24.399861', '2026-07-07T09:58:31.399861', '2026-07-07T09:59:57.399861', '2026-07-07T10:02:52.399861', '2026-07-07T10:04:54.399861', '2026-07-07T10:05:57.399861', '2026-07-07T10:10:54.399861', '2026-07-07T10:12:35.399861', '2026-07-07T10:14:35.399861', '2026-07-07T10:18:56.399861', '2026-07-07T10:19:47.399861', '2026-07-07T10:20:13.399861', '2026-07-07T10:23:18.399861', '2026-07-07T10:25:11.399861', '2026-07-07T10:25:46.399861', '2026-07-07T10:27:25.399861', '2026-07-07T10:29:51.399861', '2026-07-07T10:31:26.399861', '2026-07-07T10:32:13.399861', '2026-07-07T10:33:54.399861', '2026-07-07T10:34:50.399861', '2026-07-07T10:39:00.399861', '2026-07-07T10:41:36.399861', '2026-07-07T10:46:24.399861', '2026-07-07T10:50:26.399861', '2026-07-07T10:51:45.399861', '2026-07-07T10:55:35.399861', '2026-07-07T10:56:46.399861', '2026-07-07T10:59:14.399861', '2026-07-07T10:59:44.399861', '2026-07-07T11:03:27.399861', '2026-07-07T11:04:44.399861', '2026-07-07T11:08:57.399861', '2026-07-07T11:10:52.399861', '2026-07-07T11:15:18.399861']","[5000, 10000, 137, 250, 5000, 137, 250, 1000, 1000, 5000, 5000, 250, 10000, 1000, 250, 5000, 999, 1000, 999, 999, 137, 137, 137, 5000, 999, 10000, 250, 999, 5000, 999, 137, 999, 137, 999, 5000, 250, 5000, 1000, 137, 137, 999, 5000, 5000, 10000]"
CAMP0016,40350,10943,0.016013071895424835,49,4,61,51,"['2026-07-07T09:39:04.399861', '2026-07-07T09:40:17.399861', '2026-07-07T09:41:31.399861', '2026-07-07T09:42:20.399861', '2026-07-07T09:44:09.399861', '2026-07-07T09:48:22.399861', '2026-07-07T09:50:24.399861', '2026-07-07T09:53:15.399861', '2026-07-07T09:53:40.399861', '2026-07-07T09:54:34.399861', '2026-07-07T09:55:30.399861', '2026-07-07T09:59:27.399861', '2026-07-07T10:00:41.399861', '2026-07-07T10:01:14.399861', '2026-07-07T10:05:01.399861', '2026-07-07T10:06:31.399861', '2026-07-07T10:09:37.399861', '2026-07-07T10:10:24.399861', '2026-07-07T10:14:01.399861', '2026-07-07T10:17:34.399861', '2026-07-07T10:19:50.399861', '2026-07-07T10:23:30.399861', '2026-07-07T10:25:05.399861', '2026-07-07T10:28:24.399861', '2026-07-07T10:32:52.399861', '2026-07-07T10:33:39.399861', '2026-07-07T10:35:56.399861', '2026-07-07T10:37:50.399861', '2026-07-07T10:42:25.399861', '2026-07-07T10:45:50.399861', '2026-07-07T10:49:24.399861', '2026-07-07T10:53:23.399861', '2026-07-07T10:54:11.399861', '2026-07-07T10:56:12.399861', '2026-07-07T10:56:57.399861', '2026-07-07T10:57:17.399861', '2026-07-07T10:57:37.399861', '2026-07-07T10:58:11.399861', '2026-07-07T11:00:03.399861', '2026-07-07T11:04:36.399861', '2026-07-07T11:09:00.399861', '2026-07-07T11:11:31.399861', '2026-07-07T11:12:56.399861', '2026-07-07T11:15:32.399861', '2026-07-07T11:19:19.399861', '2026-07-07T11:21:22.399861', '2026-07-07T11:22:08.399861', '2026-07-07T11:23:02.399861', '2026-07-07T11:24:26.399861']","[999, 1000, 999, 999, 999, 999, 10000, 5000, 137, 137, 10000, 5000, 10000, 999, 10000, 5000, 5000, 137, 250, 999, 10000, 1000, 5000, 137, 137, 137, 999, 999, 137, 999, 1000, 10000, 250, 5000, 5000, 999, 999, 10000, 5000, 1000, 999, 137, 250, 250, 10000, 137, 5000, 1000, 10000]"
CAMP0017,1164,0,0.02195121951219512,54,3,24,41,"['2026-07-07T09:37:19.399861', '2026-07-07T09:39:01.399861', '2026-07-07T09:41:14.399861', '2026-07-07T09:41:56.399861', '2026-07-07T09:42:23.399861', '2026-07-07T09:45:35.399861', '2026-07-07T09:46:35.399861', '2026-07-07T09:50:55.399861', '2026-07-07T09:51:45.399861', '2026-07-07T09:53:00.399861', '2026-07-07T09:56:34.399861', '2026-07-07T09:58:11.399861', '2026-07-07T09:59:26.399861', '2026-07-07T10:01:55.399861', '2026-07-07T10:04:10.399861', '2026-07-07T10:06:34.399861', '2026-07-07T10:10:07.399861', '2026-07-07T10:14:37.399861', '2026-07-07T10:16:25.399861', '2026-07-07T10:19:48.399861', '2026-07-07T10:20:39.399861', '2026-07-07T10:22:51.399861', '2026-07-07T10:27:44.399861', '2026-07-07T10:30:34.399861', '2026-07-07T10:31:06.399861', '2026-07-07T10:34:37.399861', '2026-07-07T10:38:45.399861', '2026-07-07T10:42:59.399861', '2026-07-07T10:43:46.399861', '2026-07-07T10:45:28.399861', '2026-07-07T10:47:08.399861', '2026-07-07T10:48:30.399861', '2026-07-07T10:50:52.399861', '2026-07-07T10:52:41.399861', '2026-07-07T10:56:43.399861', '2026-07-07T10:57:58.399861', '2026-07-07T10:59:50.399861', '2026-07-07T11:02:52.399861', '2026-07-07T11:04:55.399861', '2026-07-07T11:08:34.399861', '2026-07-07T11:10:47.399861', '2026-07-07T11:15:06.399861', '2026-07-07T11:16:56.399861', '2026-07-07T11:18:48.399861', '2026-07-07T11:23:16.399861', '2026-07-07T11:28:04.399861', '2026-07-07T11:30:03.399861', '2026-07-07T11:33:10.399861', '2026-07-07T11:36:15.399861', '2026-07-07T11:40:34.399861', '2026-07-07T11:43:53.399861', '2026-07-07T11:45:58.399861', '2026-07-07T11:46:59.399861', '2026-07-07T11:51:08.399861']","[137, 137, 1000, 1000, 10000, 5000, 5000, 5000, 137, 250, 1000, 250, 137, 999, 137, 999, 10000, 5000, 137, 10000, 999, 5000, 1000, 10000, 999, 250, 137, 1000, 1000, 999, 5000, 10000, 5000, 999, 999, 999, 999, 250, 1000, 999, 1000, 137, 5000, 1000, 999, 999, 5000, 10000, 1000, 1000, 1000, 999, 1000, 1000]"
CAMP0018,47588,31579,0.03125,30,58,90,16,"['2026-07-07T09:38:27.399861', '2026-07-07T09:41:50.399861', '2026-07-07T09:42:30.399861', '2026-07-07T09:44:43.399861', '2026-07-07T09:47:15.399861', '2026-07-07T09:48:34.399861', '2026-07-07T09:50:28.399861', '2026-07-07T09:54:04.399861', '2026-07-07T09:55:47.399861', '2026-07-07T09:59:43.399861', '2026-07-07T10:03:22.399861', '2026-07-07T10:03:56.399861', '2026-07-07T10:06:02.399861', '2026-07-07T10:10:06.399861', '2026-07-07T10:12:09.399861', '2026-07-07T10:17:07.399861', '2026-07-07T10:19:32.399861', '2026-07-07T10:21:11.399861', '2026-07-07T10:25:50.399861', '2026-07-07T10:27:04.399861', '2026-07-07T10:28:52.399861', '2026-07-07T10:31:45.399861', '2026-07-07T10:33:33.399861', '2026-07-07T10:36:42.399861', '2026-07-07T10:41:31.399861', '2026-07-07T10:44:15.399861', '2026-07-07T10:49:01.399861', '2026-07-07T10:53:41.399861', '2026-07-07T10:57:36.399861', '2026-07-07T10:59:35.399861']","[5000, 999, 999, 10000, 137, 5000, 1000, 10000, 5000, 250, 137, 137, 1000, 250, 5000, 10000, 999, 10000, 1000, 250, 5000, 137, 1000, 999, 999, 10000, 999, 250, 999, 1000]"
CAMP0019,53440,28292,0.013522012578616353,43,13,27,53,"['2026-07-07T09:39:34.399861', '2026-07-07T09:40:08.399861', '2026-07-07T09:42:22.399861', '2026-07-07T09:43:19.399861', '2026-07-07T09:46:58.399861', '2026-07-07T09:49:11.399861', '2026-07-07T09:50:42.399861', '2026-07-07T09:52:54.399861', '2026-07-07T09:57:02.399861', '2026-07-07T09:59:09.399861', '2026-07-07T10:03:25.399861', '2026-07-07T10:04:08.399861', '2026-07-07T10:06:30.399861', '2026-07-07T10:07:42.399861', '2026-07-07T10:09:24.399861', '2026-07-07T10:13:22.399861', '2026-07-07T10:17:18.399861', '2026-07-07T10:18:37.399861', '2026-07-07T10:19:39.399861', '2026-07-07T10:20:30.399861', '2026-07-07T10:24:10.399861', '2026-07-07T10:29:05.399861', '2026-07-07T10:29:38.399861', '2026-07-07T10:33:39.399861', '2026-07-07T10:36:48.399861', '2026-07-07T10:41:02.399861', '2026-07-07T10:44:57.399861', '2026-07-07T10:45:50.399861', '2026-07-07T10:46:20.399861', '2026-07-07T10:50:32.399861', '2026-07-07T10:52:51.399861', '2026-07-07T10:57:01.399861', '2026-07-07T11:01:25.399861', '2026-07-07T11:04:00.399861', '2026-07-07T11:07:23.399861', '2026-07-07T11:08:47.399861', '2026-07-07T11:13:01.399861', '2026-07-07T11:17:20.399861', '2026-07-07T11:18:44.399861', '2026-07-07T11:20:35.399861', '2026-07-07T11:22:41.399861', '2026-07-07T11:27:28.399861', '2026-07-07T11:31:06.399861']","[5000, 1000, 10000, 10000, 1000, 10000, 137, 5000, 137, 250, 5000, 5000, 999, 999, 10000, 250, 137, 10000, 1000, 10000, 5000, 999, 999, 1000, 1000, 10000, 999, 1000, 1000, 1000, 5000, 5000, 1000, 5000, 999, 250, 1000, 5000, 5000, 250, 5000, 137, 999]"
CAMP0020,11948,0,0.03627450980392157,37,46,50,17,"['2026-07-07T09:35:34.399861', '2026-07-07T09:38:39.399861', '2026-07-07T09:42:03.399861', '2026-07-07T09:47:02.399861', '2026-07-07T09:47:51.399861', '2026-07-07T09:49:50.399861', '2026-07-07T09:51:56.399861', '2026-07-07T09:56:53.399861', '2026-07-07T09:59:21.399861', '2026-07-07T10:00:28.399861', '2026-07-07T10:00:48.399861', '2026-07-07T10:04:12.399861', '2026-07-07T10:06:38.399861', '2026-07-07T10:09:08.399861', '2026-07-07T10:12:05.399861', '2026-07-07T10:15:46.399861', '2026-07-07T10:19:49.399861', '2026-07-07T10:22:46.399861', '2026-07-07T10:26:33.399861', '2026-07-07T10:27:35.399861', '2026-07-07T10:28:22.399861', '2026-07-07T10:31:44.399861', '2026-07-07T10:35:27.399861', '2026-07-07T10:37:30.399861', '2026-07-07T10:40:56.399861', '2026-07-07T10:42:07.399861', '2026-07-07T10:47:00.399861', '2026-07-07T10:50:01.399861', '2026-07-07T10:50:56.399861', '2026-07-07T10:53:59.399861', '2026-07-07T10:57:46.399861', '2026-07-07T11:00:23.399861', '2026-07-07T11:03:54.399861', '2026-07-07T11:06:43.399861', '2026-07-07T11:11:02.399861', '2026-07-07T11:14:27.399861', '2026-07-07T11:16:26.399861']","[250, 250, 137, 5000, 5000, 999, 1000, 1000, 250, 1000, 1000, 999, 1000, 1000, 999, 5000, 10000, 1000, 250, 1000, 10000, 10000, 10000, 250, 5000, 1000, 5000, 137, 5000, 999, 137, 250, 137, 5000, 10000, 1000, 5000]"
FRAUD001,50000,48000,0.9600,2,5,24,8,"['2026-07-02T10:00:00','2026-07-02T10:00:04','2026-07-02T10:00:08','2026-07-02T10:00:12','2026-07-02T10:00:15','2026-07-02T10:00:18','2026-07-02T10:00:22','2026-07-02T10:00:25','2026-07-02T10:00:29','2026-07-02T10:00:32','2026-07-02T10:00:35','2026-07-02T10:00:39','2026-07-02T10:00:43','2026-07-02T10:00:46','2026-07-02T10:00:50','2026-07-02T10:00:53','2026-07-02T10:00:56','2026-07-02T10:01:00','2026-07-02T10:01:03','2026-07-02T10:01:06','2026-07-02T10:01:09','2026-07-02T10:01:12','2026-07-02T10:01:15','2026-07-02T10:01:18']","[2000,2000,2000,2000,2000,2000,2000,2000,2000,2000,2000,2000,2000,2000,2000,2000,2000,2000,2000,2000,2000,2000,2000,2000]"

FRAUD002,75000,72000,0.9600,1,4,30,5,"['2026-07-03T08:15:00','2026-07-03T08:15:03','2026-07-03T08:15:07','2026-07-03T08:15:10','2026-07-03T08:15:14','2026-07-03T08:15:17','2026-07-03T08:15:20','2026-07-03T08:15:24','2026-07-03T08:15:28','2026-07-03T08:15:31','2026-07-03T08:15:35','2026-07-03T08:15:38','2026-07-03T08:15:42','2026-07-03T08:15:45','2026-07-03T08:15:49','2026-07-03T08:15:52','2026-07-03T08:15:56','2026-07-03T08:16:00','2026-07-03T08:16:03','2026-07-03T08:16:06','2026-07-03T08:16:09','2026-07-03T08:16:12','2026-07-03T08:16:15','2026-07-03T08:16:18','2026-07-03T08:16:21','2026-07-03T08:16:24','2026-07-03T08:16:27','2026-07-03T08:16:30','2026-07-03T08:16:33','2026-07-03T08:16:36']","[2400,2400,2400,2400,2400,2400,2400,2400,2400,2400,2400,2400,2400,2400,2400,2400,2400,2400,2400,2400,2400,2400,2400,2400,2400,2400,2400,2400,2400,2400]"

FRAUD003,100000,99500,0.9950,0,3,40,2,"['2026-07-05T21:00:00','2026-07-05T21:00:02','2026-07-05T21:00:04','2026-07-05T21:00:06','2026-07-05T21:00:08','2026-07-05T21:00:10','2026-07-05T21:00:12','2026-07-05T21:00:14','2026-07-05T21:00:16','2026-07-05T21:00:18','2026-07-05T21:00:20','2026-07-05T21:00:22','2026-07-05T21:00:24','2026-07-05T21:00:26','2026-07-05T21:00:28','2026-07-05T21:00:30','2026-07-05T21:00:32','2026-07-05T21:00:34','2026-07-05T21:00:36','2026-07-05T21:00:38','2026-07-05T21:00:40','2026-07-05T21:00:42','2026-07-05T21:00:44','2026-07-05T21:00:46','2026-07-05T21:00:48','2026-07-05T21:00:50','2026-07-05T21:00:52','2026-07-05T21:00:54','2026-07-05T21:00:56','2026-07-05T21:00:58','2026-07-05T21:01:00','2026-07-05T21:01:02','2026-07-05T21:01:04','2026-07-05T21:01:06','2026-07-05T21:01:08','2026-07-05T21:01:10','2026-07-05T21:01:12','2026-07-05T21:01:14','2026-07-05T21:01:16','2026-07-05T21:01:18']","[2500,2500,2500,2500,2500,2500,2500,2500,2500,2500,2500,2500,2500,2500,2500,2500,2500,2500,2500,2500,2500,2500,2500,2500,2500,2500,2500,2500,2500,2500,2500,2500,2500,2500,2500,2500,2500,2500,2500,2500]"