sample_index,sdi_attribution,cti_attribution,fvrs_attribution,cfis_attribution,ctcs_attribution,prediction_probability,predicted_label,actual_label,sdi_raw,cti_raw,fvrs_raw,cfis_raw,ctcs_raw
0,-7e-05,0.000269,0.000195,2.9e-05,-7.1e-05,0.070548,0,0,0.1789,0.7752,0.0189,0.329,0.1322
1,-3.3e-05,-0.0,-2.2e-05,-9e-06,-6.4e-05,0.070068,0,0,0.2362,0.6126,0.1204,0.2779,0.1247
2,-2.9e-05,4.5e-05,-5e-06,-2.4e-05,0.000148,0.070331,0,0,0.246,0.695,0.3195,0.2416,0.3853
3,-4e-05,0.000383,-3e-05,1.7e-05,-5.6e-05,0.07047,0,0,0.0,0.8093,0.2491,0.317,0.0268
4,8.8e-05,0.001151,-1.5e-05,-3.8e-05,3.1e-05,0.071412,0,0,0.3424,0.8616,0.299,0.2015,0.3133
5,-8.6e-05,3.6e-05,0.000171,4.4e-05,-3.7e-05,0.070323,0,0,0.0454,0.666,0.0,0.3444,0.2288
6,-7e-05,2.3e-05,-2.5e-05,2.7e-05,-5e-05,0.070101,0,0,0.103,0.6573,0.1353,0.3333,0.1732
7,-5.6e-05,0.001,0.000314,-3.7e-05,-2.1e-05,0.071395,0,0,0.117,0.8527,0.5152,0.2209,0.2534
8,-4.2e-05,-8e-06,1.8e-05,0.000101,-7.1e-05,0.070194,0,0,0.2309,0.5854,0.0715,0.3825,0.106
9,0.921595,0.005295,0.002651,-0.014605,0.001337,0.995742,1,1,0.8389,0.564,0.3486,0.1735,0.239
10,-5.5e-05,0.000204,3e-06,4.7e-05,0.000181,0.070576,0,0,0.1365,0.7648,0.337,0.3516,0.4026
11,-4.5e-05,6.1e-05,-2.9e-05,-4.1e-05,-2.5e-05,0.070117,0,1,0.2046,0.6971,0.2111,0.1741,0.2403
12,-0.008781,0.015548,0.009656,0.003973,0.930106,0.99564,1,1,0.2474,0.4897,0.4503,0.4232,0.925
13,-5e-06,0.00018,-2.4e-05,-4.5e-05,-6e-05,0.070242,0,0,0.2783,0.7583,0.2598,0.1586,0.091
14,-6.3e-05,0.001233,5.5e-05,8e-06,-4.9e-05,0.071381,0,0,0.1925,0.8697,0.3932,0.3037,0.1065
15,-4.5e-05,1.8e-05,8e-05,-4.7e-05,-4e-05,0.070163,0,0,0.0,0.65,0.4295,0.1635,0.2121
16,-8.5e-05,2.3e-05,-1.4e-05,-6e-05,-7.1e-05,0.069988,0,0,0.0435,0.4136,0.2994,0.1396,0.1229
17,1.7e-05,-2e-06,-2.6e-05,-2.5e-05,0.000154,0.070313,0,0,0.299,0.5859,0.2686,0.0578,0.3749
18,-5.6e-05,0.016722,-2.4e-05,-2.4e-05,-3.4e-05,0.08678,0,0,0.1206,0.9308,0.2752,0.1248,0.1339
19,-7.5e-05,-1.3e-05,6e-06,-2.3e-05,1.6e-05,0.070107,0,0,0.1443,0.5288,0.0643,0.2528,0.2989
20,0.000474,0.183725,0.014031,0.014564,0.732598,0.995435,1,1,0.2887,0.2996,0.5937,0.6673,1.0
21,0.022757,0.0143,0.020479,0.029637,0.851824,0.994597,1,1,0.3958,0.5457,0.4928,0.5731,0.7629
22,-3.3e-05,0.000146,-1.6e-05,-4.4e-05,-5.7e-05,0.070191,0,0,0.2356,0.7456,0.1229,0.1747,0.151
23,-6.7e-05,0.000272,0.000152,0.000268,-7.8e-05,0.070742,0,0,0.0184,0.7766,0.0378,0.46,0.12
24,0.926425,0.022945,-0.011806,-0.001413,-0.003372,0.99577,1,1,0.9006,0.4792,0.2803,0.3945,0.3426
25,0.031065,0.204636,0.015705,0.01732,0.648368,0.994554,1,1,0.4793,0.3377,0.5482,0.6276,0.8498
26,0.000827,-9e-06,-2.7e-05,-5.8e-05,3.6e-05,0.070964,0,0,0.4598,0.7019,0.2838,0.16,0.0
27,-7.1e-05,4e-06,7.5e-05,3.2e-05,-4.1e-05,0.070196,0,0,0.1378,0.5292,0.4137,0.332,0.2166
28,-5.1e-05,-7e-06,0.000106,-2.4e-05,-3.1e-05,0.070188,0,0,0.2174,0.5582,0.4319,0.0285,0.2399
29,-0.047849,0.209236,0.027828,0.057445,0.680727,0.994901,1,1,0.0977,0.3667,0.6012,0.6811,0.8562
30,-6e-05,0.00291,-2.9e-05,-4.8e-05,-6.5e-05,0.072902,0,0,0.0788,0.901,0.2687,0.2044,0.1304
31,-6.3e-05,8e-06,2.8e-05,-6e-05,-7.6e-05,0.070032,0,0,0.1499,0.6287,0.0128,0.1175,0.0699
32,-5.8e-05,3e-06,0.000125,5e-06,-5.6e-05,0.070214,0,0,0.1793,0.6243,0.4514,0.3007,0.1159
33,0.805649,0.145179,-0.024936,0.000533,0.001253,0.995216,1,1,0.7598,0.2091,0.2704,0.3182,0.2316
34,0.000158,9.5e-05,-5e-06,-4.3e-05,-5.6e-05,0.070344,0,0,0.3835,0.7211,0.3202,0.16,0.1367
35,0.029873,0.251549,0.01971,0.004377,0.618793,0.993269,1,1,0.4412,0.2857,0.5514,0.5009,0.7881
36,-6.5e-05,2e-06,7.7e-05,-4.1e-05,9e-06,0.070177,0,0,0.1362,0.6207,0.4233,0.176,0.2926
37,0.000206,7e-06,-2e-05,-3.8e-05,-5.9e-05,0.070292,0,0,0.3893,0.6434,0.2813,0.2068,0.1321
38,1e-06,0.000154,1.5e-05,4.3e-05,-3.8e-05,0.070371,0,0,0.2851,0.7428,0.1174,0.3477,0.2182
39,-9e-06,0.000952,2.2e-05,4.4e-05,1.4e-05,0.071219,0,1,0.2762,0.8537,0.1494,0.3412,0.2966
40,0.000171,0.000321,-2.1e-05,7e-06,-3.8e-05,0.070636,0,0,0.3874,0.7875,0.2346,0.3025,0.2178
41,-0.011268,0.126999,0.438936,0.323875,0.031733,0.995003,1,1,0.1883,0.357,0.9532,0.8825,0.6646
42,-0.014625,0.109261,0.694963,0.140123,-0.001137,0.995027,1,1,0.2201,0.4251,0.8664,0.7048,0.3163
43,-2e-05,-5e-06,-3.5e-05,-1.1e-05,-5.6e-05,0.070068,0,0,0.2601,0.5226,0.2014,0.2758,0.1721
44,0.753091,0.181057,0.00621,-0.005213,0.004243,0.995632,1,1,0.7977,0.3713,0.4073,0.2146,0.1747
45,-8e-05,-8e-06,-3.8e-05,-5.4e-05,0.000194,0.07021,0,0,0.0725,0.5307,0.1985,0.1582,0.3936
46,3.7e-05,0.005437,-4e-05,-3.9e-05,0.000368,0.075958,0,0,0.0088,0.9098,0.2459,0.0975,0.4194
47,0.02199,0.255581,0.480199,0.170952,-0.002121,0.985561,1,1,0.377,0.3088,0.7231,0.6206,0.326
48,0.000148,0.04756,0.000738,4e-06,-8.4e-05,0.118516,0,0,0.3119,0.9482,0.45,0.1778,0.066
49,-1.3e-05,0.060465,-2.7e-05,6.3e-05,6.6e-05,0.130791,0,0,0.2818,0.9636,0.1009,0.1412,0.1496
50,0.000194,0.00042,-6e-06,-2.8e-05,-2.5e-05,0.070751,0,0,0.3941,0.8036,0.3187,0.2336,0.243
51,2.5e-05,8e-06,0.000136,6.7e-05,9.3e-05,0.070526,0,0,0.3018,0.5459,0.4323,0.0,0.3427
52,0.055435,0.026768,0.784195,0.036785,-0.000768,0.995526,1,1,0.5508,0.4533,0.9914,0.7263,0.3355
53,-4.6e-05,0.000125,-3.1e-05,-2.7e-05,-4.5e-05,0.070172,0,0,0.2067,0.7354,0.2281,0.2359,0.0
54,0.022407,0.152076,-0.040255,0.03046,0.759766,0.993519,1,1,0.3867,0.2019,0.2411,0.5568,0.7959
55,0.039184,0.002296,0.025879,0.008702,0.823693,0.995409,1,1,0.5037,0.5988,0.5933,0.5204,0.8797
56,-7.5e-05,-6e-06,0.000173,1.2e-05,-5.6e-05,0.070243,0,0,0.1164,0.5636,0.4624,0.3083,0.0568
57,-6.7e-05,0.000234,-2.9e-05,-2.8e-05,-4.1e-05,0.070265,0,0,0.0926,0.7786,0.2182,0.2341,0.2042
58,2e-06,0.01973,0.00027,5.9e-05,0.00102,0.091281,0,0,0.285,0.928,0.4193,0.3235,0.4442
59,-4.5e-05,5.9e-05,-1e-06,-5.7e-05,6.6e-05,0.070218,0,0,0.2351,0.457,0.3292,0.1341,0.3324
60,0.016204,0.201269,0.282159,0.370524,0.019657,0.994639,1,1,0.4356,0.307,0.917,0.9043,0.659
61,-5.6e-05,0.000268,8.2e-05,-3.2e-05,-4.5e-05,0.070412,0,0,0.1756,0.782,0.4324,0.2148,0.1874
62,-3.5e-05,2.1e-05,-2.7e-05,-2.5e-05,-5.8e-05,0.070072,0,0,0.2269,0.6537,0.2375,0.2384,0.1335
63,0.000253,0.000139,-7e-06,-5.7e-05,-7.2e-05,0.070453,0,0,0.4125,0.7413,0.1219,0.1127,0.0935
64,-6.4e-05,0.000114,-2.9e-05,6.5e-05,-5.6e-05,0.070226,0,0,0.0676,0.7297,0.2284,0.3736,0.1398
65,0.000265,4.1e-05,-1.4e-05,-6.3e-05,4e-05,0.070464,0,0,0.382,0.4947,0.129,0.1442,0.3131
66,-6.2e-05,1.6e-05,-3e-05,4.3e-05,-5.1e-05,0.070112,0,0,0.1508,0.6485,0.1887,0.3507,0.167
67,-5.2e-05,0.000165,-1.5e-05,-9e-06,-7.7e-05,0.070208,0,0,0.2318,0.4078,0.3064,0.2819,0.0415
68,-7.2e-05,-8e-06,4.6e-05,4.2e-05,-6.3e-05,0.070141,0,0,0.1152,0.5655,0.3927,0.3435,0.0912
69,-4.9e-05,0.000255,-8e-06,-4.2e-05,-3.6e-05,0.070315,0,0,0.2,0.7824,0.311,0.1609,0.2178
70,-6.2e-05,-1.4e-05,-2.5e-05,-3.9e-05,-3.7e-05,0.070019,0,0,0.1588,0.5743,0.2595,0.0,0.2172
71,0.059474,0.285108,0.103496,0.434815,0.041366,0.986151,1,1,0.4556,0.2609,0.6428,0.719,0.5355
72,-0.004537,0.000933,0.009519,0.008723,0.901864,0.995686,1,1,0.2523,0.6052,0.4855,0.5444,0.9959
73,-7.6e-05,7e-06,-3.5e-05,-4.2e-05,3.9e-05,0.07009,0,0,0.0891,0.6315,0.2097,0.0219,0.3245
74,-1e-05,0.000379,3.8e-05,-5.5e-05,-4.7e-05,0.070502,0,0,0.2735,0.8045,0.0794,0.1405,0.208
75,0.011359,0.220884,0.218716,0.466985,-0.005248,0.995069,1,1,0.4073,0.2794,0.9108,0.9524,0.4344
76,0.007608,0.170728,0.005924,0.02682,0.709682,0.993559,1,1,0.3276,0.1848,0.3588,0.5642,0.8064
77,0.929025,0.029195,-0.024937,-0.005616,-0.003734,0.995726,1,1,0.8102,0.4973,0.2536,0.1937,0.3356
78,3e-06,-1.7e-05,0.00011,-7e-05,-8.8e-05,0.070134,0,0,0.2866,0.4863,0.0,0.141,0.1076
79,-0.018046,0.185949,0.005552,0.005069,0.75519,0.995489,1,1,0.1878,0.3417,0.4334,0.4964,0.9441
80,-4.8e-05,7e-06,0.000332,1.3e-05,-7.1e-05,0.070428,0,0,0.2373,0.52,0.4903,0.0,0.153
81,-7e-05,3.2e-05,5e-06,2.1e-05,7.1e-05,0.070255,0,0,0.1341,0.6734,0.1068,0.3226,0.3463
82,1e-06,-8e-06,-1.7e-05,-1.9e-05,-3.2e-05,0.070121,0,0,0.285,0.5241,0.2971,0.0,0.2399
83,-4.7e-05,0.003005,9.1e-05,1.6e-05,-7.8e-05,0.073182,0,0,0.0323,0.9001,0.0806,0.309,0.1358
84,-5.5e-05,-1.2e-05,4.3e-05,1e-05,-6.8e-05,0.070113,0,0,0.0,0.5647,0.3897,0.3068,0.0981
85,0.996042,0.000898,-0.01051,-0.043426,0.001276,0.995761,1,1,0.8574,0.5734,0.2819,0.0899,0.2021
86,0.65172,0.228337,0.048497,0.000227,-0.008813,0.991105,1,1,0.6262,0.291,0.5863,0.305,0.3515
87,-5.6e-05,-5e-06,0.000128,-2.9e-05,-5.8e-05,0.070176,0,0,0.1935,0.5843,0.4498,0.2335,0.1422
88,0.017902,0.054915,0.016626,0.010086,0.830465,0.995538,1,1,0.4303,0.3618,0.5303,0.6157,1.0
89,-1.5e-05,-2.2e-05,-3.1e-05,-6.5e-05,-8.1e-05,0.069981,0,0,0.2642,0.5274,0.0857,0.1054,0.0502
90,0.000203,0.00044,3.7e-05,4.9e-05,-6.4e-05,0.070861,0,0,0.3939,0.8038,0.1219,0.3459,0.1293
91,-1.7e-05,-1e-06,-3.5e-05,-4.9e-05,1.9e-05,0.070112,0,0,0.2662,0.5197,0.1979,0.1696,0.3014
92,-5.8e-05,0.000301,-2.4e-05,-4.7e-05,-4.3e-05,0.070327,0,0,0.0382,0.797,0.2655,0.1619,0.2052
93,-7.3e-05,1e-06,9.9e-05,-5e-05,-6.7e-05,0.070105,0,0,0.0591,0.6155,0.4418,0.1516,0.0641
94,0.000179,0.001619,1.1e-05,-7e-06,3.2e-05,0.072029,0,0,0.3724,0.8732,0.1416,0.0598,0.3109
95,0.008281,0.254318,0.479732,0.189248,-0.004555,0.990796,1,1,0.3402,0.278,0.7805,0.6754,0.4009
96,0.055763,0.103141,0.013505,0.366235,0.407802,0.994319,1,1,0.5405,0.38,0.5383,0.846,0.803
97,-1e-06,0.000114,2e-06,6.2e-05,1.7e-05,0.07039,0,0,0.2832,0.728,0.1506,0.364,0.3019
98,3.6e-05,-0.0,2.5e-05,-1e-05,-2.3e-05,0.070224,0,0,0.3146,0.5692,0.3673,0.2754,0.2507
99,-3.1e-05,5.5e-05,-2e-05,-4.5e-05,-4.8e-05,0.070106,0,0,0.2372,0.6903,0.273,0.0744,0.1799
100,-5.1e-05,6e-05,-3.3e-05,-2.4e-05,-1e-05,0.070138,0,0,0.0,0.6939,0.1794,0.2441,0.2666
101,0.000291,0.000102,0.00051,3.9e-05,-8.5e-05,0.071052,0,0,0.3968,0.7163,0.0189,0.3294,0.1244
102,-2.2e-05,0.000181,2e-05,-3e-06,-4e-05,0.070331,0,0,0.0,0.7549,0.364,0.2869,0.2102
103,-2.2e-05,0.000797,-2.2e-05,-1.5e-05,-3.8e-05,0.070896,0,0,0.2598,0.8509,0.2086,0.2681,0.2239
104,-6e-05,0.001081,7e-05,-3.7e-05,0.000268,0.071518,0,0,0.1363,0.8572,0.4041,0.2195,0.4258
105,-7.7e-05,-7e-06,2e-05,-2.5e-05,-6.5e-05,0.070042,0,0,0.0768,0.5042,0.3632,0.2445,0.1339
106,-7.3e-05,1.3e-05,5e-06,-2e-06,-4.5e-05,0.070094,0,0,0.0119,0.6382,0.0493,0.2891,0.199
107,0.002497,0.183973,0.011357,0.000335,-0.00135,0.266856,0,0,0.3431,0.9747,0.5223,0.3246,0.0593
108,0.907385,0.039077,0.001691,-0.021401,0.003488,0.995683,1,1,0.7637,0.4916,0.3411,0.1697,0.196
109,0.924383,0.035278,-0.007496,-0.024722,-0.002199,0.995634,1,1,0.7373,0.5059,0.3005,0.1639,0.308
110,-6.4e-05,5.9e-05,-3.9e-05,2.2e-05,-7.9e-05,0.070095,0,0,0.1903,0.427,0.2282,0.3188,0.0837
111,-1.7e-05,9.1e-05,-2.8e-05,-4.1e-05,-4.4e-05,0.070156,0,1,0.2609,0.7154,0.2359,0.0669,0.198
112,-6.6e-05,0.000234,-2.4e-05,-5.1e-05,-6.1e-05,0.070228,0,0,0.1363,0.7818,0.2605,0.1055,0.121
113,0.065408,0.061938,0.004284,0.003876,0.788105,0.995242,1,1,0.5407,0.4133,0.3549,0.4838,0.8637
114,-2.4e-05,7.5e-05,-2.5e-05,-4.5e-05,0.000123,0.070299,0,0,0.2541,0.7117,0.1834,0.1232,0.3768
115,-5.4e-05,4e-05,-1.7e-05,-3.8e-05,-1.5e-05,0.070111,0,0,0.1749,0.679,0.2808,0.1851,0.2592
116,-4.5e-05,3.3e-05,-2e-06,0.000239,-4.9e-05,0.070371,0,0,0.0441,0.681,0.3264,0.4466,0.1841
117,0.082162,0.251272,0.010877,0.000562,0.567099,0.993323,1,1,0.5274,0.3023,0.4928,0.3852,0.7761
118,-6.9e-05,0.00023,7e-06,-3.9e-05,0.000369,0.070695,0,1,0.1719,0.7775,0.139,0.2197,0.4517
119,-6.2e-05,2e-05,-2.7e-05,-1.3e-05,-3.2e-05,0.070081,0,0,0.14,0.6528,0.2338,0.2677,0.2232
120,0.042374,0.113461,0.724191,0.051531,-1.5e-05,0.994692,1,1,0.4737,0.4116,0.8552,0.656,0.2783
121,-7.3e-05,4.7e-05,-5e-06,-3.3e-05,-4e-05,0.070092,0,0,0.0834,0.6826,0.3201,0.0074,0.2067
122,0.966927,-0.006688,-0.02998,0.000274,-0.003256,0.99579,1,1,0.9546,0.5481,0.2091,0.3856,0.3613
123,0.073294,0.276437,0.087908,0.479218,0.00655,0.991423,1,1,0.5016,0.2794,0.6745,0.7786,0.5164
124,5.2e-05,4.9e-05,-4e-06,-3.1e-05,-5.8e-05,0.070205,0,0,0.3316,0.6863,0.3219,0.0551,0.1533
125,-4.4e-05,0.000582,3.1e-05,-6.9e-05,0.002046,0.072742,0,0,0.0449,0.8302,0.1272,0.1475,0.5416
126,0.000291,0.000224,-4.7e-05,-6.4e-05,-1e-06,0.070599,0,0,0.3772,0.454,0.1978,0.1066,0.2809
127,0.834375,0.174247,-0.060787,-0.019883,0.00357,0.995571,1,1,0.7438,0.387,0.194,0.158,0.148
128,-4.4e-05,0.000151,1.2e-05,-4.2e-05,-3.8e-05,0.070234,0,0,0.2118,0.7463,0.3526,0.1459,0.2101
129,0.686884,0.185984,0.018373,0.045284,-0.015395,0.99016,1,1,0.6222,0.2972,0.4655,0.5816,0.0
130,-5e-05,0.000125,-3.2e-05,-5.4e-05,-6.2e-05,0.070123,0,0,0.1914,0.7384,0.1522,0.0884,0.127
131,-1.9e-05,1.7e-05,-2.6e-05,-3.9e-05,7.4e-05,0.070203,0,0,0.2613,0.6561,0.1952,0.1944,0.3477
132,-5.1e-05,0.009453,9e-06,-3.8e-05,-5.4e-05,0.07952,0,0,0.0933,0.9227,0.34,0.2221,0.183
133,-6.2e-05,1e-06,4e-06,-4.7e-05,1e-06,0.070092,0,0,0.0,0.6161,0.3389,0.0327,0.2826
134,-3.3e-05,-8e-06,-1.7e-05,-3.2e-05,-5.1e-05,0.070056,0,0,0.2389,0.5334,0.2911,0.2263,0.1854
135,0.001812,0.226916,0.362157,0.342747,0.00053,0.994354,1,1,0.3021,0.3556,0.8311,0.7913,0.2567
136,-8e-05,-9e-06,-1e-06,-6.7e-05,-7.9e-05,0.069961,0,0,0.0,0.5938,0.0,0.0361,0.0397
137,-7.6e-05,1.8e-05,2.5e-05,4.9e-05,-5e-06,0.070207,0,0,0.0535,0.6496,0.0611,0.3519,0.2755
138,0.124185,0.242494,0.433756,0.129495,-0.000327,0.992547,1,1,0.5506,0.0763,0.8604,0.716,0.3288
139,0.953207,0.029231,-0.056098,-0.002855,-0.000127,0.995697,1,1,0.8041,0.4859,0.1146,0.4331,0.1724
140,7e-06,0.000698,3.4e-05,-5.1e-05,4e-05,0.070923,0,0,0.2904,0.8392,0.1104,0.1254,0.3219
141,-5.6e-05,0.00043,6e-06,-4.6e-05,2e-05,0.07055,0,0,0.061,0.8149,0.3409,0.1338,0.3055
142,4.1e-05,0.0002,5e-06,-6.1e-05,-7e-05,0.070312,0,0,0.3237,0.7605,0.081,0.104,0.0394
143,-8.9e-05,0.000332,0.000222,-5.9e-05,-4.1e-05,0.07056,0,0,0.1123,0.7926,0.0,0.1632,0.224
144,0.786962,0.134821,0.006316,-0.004193,-0.002893,0.995235,1,1,0.6915,0.4385,0.3591,0.3865,0.3127
145,-6.3e-05,0.000107,-2.4e-05,-4.4e-05,-0.0,0.070172,0,0,0.1371,0.7272,0.2498,0.1521,0.2818
146,0.00026,-1e-06,3.8e-05,-2e-05,-9e-06,0.070464,0,0,0.3935,0.6251,0.3794,0.2557,0.2712
147,-4.8e-05,0.000461,7e-06,-3.3e-05,-3.2e-05,0.070551,0,0,0.2102,0.8196,0.3428,0.2165,0.23
148,0.002801,0.18903,0.010686,0.162421,0.558231,0.99275,1,1,0.3066,0.3986,0.4959,0.6956,0.7377
149,-0.003321,0.200976,0.701266,0.012281,0.000669,0.995242,1,1,0.2629,0.3721,0.8962,0.6045,0.2584
150,-6.8e-05,0.000109,-2.8e-05,-4e-05,-5.5e-05,0.070113,0,1,0.0781,0.7307,0.233,0.1806,0.1449
151,-6.1e-05,0.000853,-1.1e-05,-5.8e-05,-6.6e-05,0.070853,0,0,0.2026,0.8594,0.1224,0.1474,0.0595
152,-5.6e-05,7.7e-05,-3.4e-05,-3.5e-05,-5.2e-05,0.070096,0,0,0.0,0.7087,0.1983,0.2047,0.1632
153,-5.1e-05,-5e-06,0.000178,-4.9e-05,-6.3e-05,0.070206,0,0,0.2148,0.5513,0.4645,0.159,0.1258
154,0.02078,0.182825,0.258139,0.45181,-6e-06,0.995019,1,1,0.4601,0.3359,0.8833,0.9003,0.2458
155,6.3e-05,7.8e-05,8.7e-05,-1.9e-05,-5.5e-05,0.07035,0,0,0.3343,0.701,0.0441,0.2638,0.0
156,0.002149,-0.000137,-2.4e-05,-4.3e-05,5e-06,0.072146,0,0,0.5014,0.7407,0.2501,0.2049,0.2871
157,7.8e-05,0.00022,3.6e-05,9.1e-05,2.3e-05,0.070644,0,0,0.3423,0.7622,0.1328,0.3811,0.3073
158,-4.3e-05,2.6e-05,-1.8e-05,-1.5e-05,-6.1e-05,0.070085,0,0,0.2088,0.6608,0.2814,0.2633,0.0783
159,-4.2e-05,-1e-05,-1.9e-05,-2.1e-05,-6.5e-05,0.070039,0,0,0.2208,0.5321,0.2817,0.2545,0.1212
160,-2.3e-05,3e-05,-2.9e-05,-2.8e-05,-1.2e-05,0.070135,0,0,0.2551,0.6636,0.1271,0.0,0.2661
161,0.896268,0.043018,0.010295,-0.010619,-0.006802,0.99576,1,1,0.9611,0.4022,0.5836,0.2018,0.3773
162,-2.4e-05,-9e-06,-3.3e-05,-4.5e-05,-6.5e-05,0.070018,0,0,0.25,0.5873,0.2093,0.1703,0.1097
163,-6.5e-05,9.5e-05,4e-06,-4.9e-05,-5.7e-05,0.070123,0,1,0.1225,0.7201,0.338,0.1061,0.1358
164,-6e-05,0.000277,-4e-06,-4e-06,-3.7e-05,0.070367,0,0,0.1358,0.7866,0.3212,0.2856,0.2133
165,0.904482,0.118495,0.003632,-0.097211,-0.000135,0.994928,1,1,0.6459,0.4711,0.3898,0.1308,0.2831
166,-1.4e-05,0.000213,-2.9e-05,-2.9e-05,-5.9e-05,0.070278,0,0,0.2661,0.7689,0.2009,0.2319,0.12
167,-2.8e-05,-1e-06,-0.0,0.000153,-3.5e-05,0.070285,0,0,0.0,0.6083,0.3305,0.409,0.2293
168,0.007099,0.085424,0.098597,0.712852,0.036521,0.994829,1,1,0.3378,0.3919,0.7414,0.8809,0.6307
169,-4.3e-05,6.5e-05,-3.1e-05,-5.3e-05,-5.3e-05,0.070081,0,0,0.2072,0.6992,0.1531,0.0966,0.1616
170,-7.7e-05,0.001741,1.4e-05,-4.8e-05,-4.9e-05,0.071778,0,0,0.1647,0.8858,0.1277,0.2066,0.215
171,-7.8e-05,-2.4e-05,-1.1e-05,-6.4e-05,-6.1e-05,0.069958,0,0,0.0797,0.4847,0.0252,0.096,0.1433
172,-3.5e-05,0.000667,3.1e-05,-5.2e-05,0.00018,0.070987,0,0,0.2468,0.8353,0.1185,0.1438,0.4021
173,-7.6e-05,0.080978,-0.00013,-0.0002,4.6e-05,0.151012,0,0,0.1463,1.0,0.3185,0.0,0.0268
174,-0.012799,0.043853,0.761488,0.15204,-0.000351,0.995554,1,1,0.2206,0.4215,1.0,0.8072,0.1786
175,-6.9e-05,0.000501,-2.4e-05,-1.5e-05,-5e-05,0.070538,0,0,0.1723,0.8296,0.2817,0.0,0.0
176,0.000509,0.000109,1.4e-05,0.000108,6.4e-05,0.071,0,0,0.4395,0.7409,0.3487,0.0193,0.3335
177,0.13201,0.231564,0.070821,0.001275,0.468016,0.993708,1,1,0.6064,0.338,0.7235,0.4598,0.8031
178,0.000213,7.1e-05,-2.6e-05,8.9e-05,8.6e-05,0.070629,0,0,0.3895,0.7124,0.2747,0.0,0.3484
179,0.101319,0.140165,0.029405,0.003351,0.634697,0.991339,1,1,0.5127,0.429,0.5618,0.3789,0.6995
180,-6.3e-05,0.000149,-1.7e-05,-4.6e-05,-2.7e-05,0.070192,0,0,0.1415,0.7479,0.2841,0.095,0.2363
181,0.768481,0.173091,-0.002436,-0.011055,0.002408,0.995438,1,1,0.7531,0.3982,0.3185,0.5404,0.2293
182,0.04492,0.240184,0.059762,0.575199,0.000352,0.994441,1,1,0.4916,0.3135,0.6871,0.8495,0.2505
183,-4.7e-05,0.00102,4.7e-05,-2e-06,0.000141,0.071355,0,0,0.223,0.8546,0.3889,0.2902,0.3825
184,0.017136,0.062811,0.018051,0.125996,0.698678,0.992139,1,1,0.3878,0.4528,0.5102,0.6441,0.7093
185,0.000104,5e-06,4.6e-05,8e-06,-1.8e-05,0.070341,0,0,0.3434,0.5457,0.3812,0.3026,0.0113
186,-4.9e-05,0.05367,0.00015,-1.2e-05,-2.2e-05,0.123811,0,0,0.1941,0.9572,0.3744,0.086,0.0396
187,-7.2e-05,-2e-05,-6e-06,-5.9e-05,-7.2e-05,0.069966,0,0,0.1002,0.5393,0.316,0.0944,0.0361
188,-6.4e-05,0.021789,-1.8e-05,2.9e-05,-2.5e-05,0.091924,0,0,0.1732,0.9352,0.2437,0.0462,0.1582
189,-1e-06,3.6e-05,3e-06,1e-06,-2.3e-05,0.070213,0,0,0.2836,0.6789,0.3358,0.2951,0.2453
190,-0.005466,0.179771,0.737469,0.01569,-0.001889,0.993948,1,1,0.2559,0.2451,0.8399,0.5477,0.3313
191,0.933493,0.012634,-0.030731,-0.001291,0.001624,0.995761,1,1,0.8618,0.5141,0.2315,0.3907,0.1993
192,1.2e-05,2.4e-05,-4.1e-05,-2.5e-05,-7e-05,0.070096,0,0,0.295,0.4591,0.2235,0.2562,0.0198
193,-6.1e-05,0.000458,-2.2e-05,-5e-06,-3e-05,0.070535,0,0,0.151,0.8207,0.2608,0.2845,0.2343
194,-2.6e-05,5.5e-05,2.6e-05,-9e-06,-3.4e-05,0.070208,0,0,0.2488,0.6937,0.3753,0.2751,0.2187
195,0.701999,0.253113,-0.004345,-0.00798,-0.007528,0.995338,1,1,0.7731,0.3337,0.3078,0.5248,0.3781
196,0.000277,0.000917,-1.4e-05,-4.8e-05,-4.8e-05,0.07128,0,0,0.4107,0.8473,0.183,0.1731,0.2142
197,-4.4e-05,7.2e-05,0.000238,0.00011,-4.5e-05,0.070527,0,0,0.2222,0.7148,0.4955,0.3935,0.1614
198,0.702158,0.224877,0.012813,-0.001714,-0.017883,0.992227,1,1,0.5998,0.4408,0.5051,0.3276,0.1663
199,0.018418,0.270857,0.288814,0.22145,0.114169,0.985128,1,1,0.3691,0.1763,0.7372,0.6794,0.5905
200,-6.8e-05,-5e-06,2.8e-05,-2.9e-05,1.4e-05,0.070136,0,0,0.1003,0.5935,0.3737,0.2291,0.2985
201,0.003486,0.23774,0.466892,0.219204,-0.003623,0.994853,1,1,0.3292,0.2737,0.9679,0.8577,0.5746
202,-6.9e-05,5.9e-05,-2.7e-05,5e-06,-5e-05,0.070113,0,1,0.1096,0.6929,0.245,0.301,0.0
203,-7.1e-05,-1e-05,-3.5e-05,-3.2e-05,-3.4e-05,0.070013,0,0,0.0354,0.5861,0.1673,0.2172,0.2215
204,-0.003477,0.079981,0.65715,0.162866,0.02407,0.995041,1,1,0.2597,0.3973,0.9321,0.7699,0.617
205,-4.3e-05,3e-06,6e-06,-1.5e-05,-4.7e-05,0.070099,0,0,0.2144,0.622,0.3427,0.2627,0.1822
206,-6.3e-05,0.0001,-2.2e-05,5.1e-05,0.000132,0.070394,0,0,0.1392,0.7266,0.2026,0.3555,0.3814
207,-2.5e-05,0.000154,-1.6e-05,-5.3e-05,-6.6e-05,0.070189,0,0,0.2496,0.7485,0.1111,0.1323,0.111
208,-4.7e-05,5e-05,-2.1e-05,-1.4e-05,-5.4e-05,0.070111,0,0,0.2017,0.6862,0.2719,0.2652,0.0315
209,0.000284,-1e-06,3.4e-05,-2.1e-05,1.7e-05,0.070508,0,0,0.396,0.627,0.3726,0.0986,0.2988
210,-6.7e-05,8e-06,-2.5e-05,-4.7e-05,5.2e-05,0.070117,0,0,0.0533,0.6336,0.2565,0.1549,0.3351
211,-0.005244,0.191161,0.300056,0.408017,-0.004249,0.994859,1,1,0.237,0.3518,0.8677,0.8584,0.4081
212,0.91654,0.012283,0.013866,-0.007051,-0.011242,0.995756,1,1,0.9273,0.5266,0.4644,0.5774,0.4518
213,-6e-05,0.000251,-2.6e-05,-4.7e-05,-2.7e-05,0.070287,0,0,0.0445,0.7835,0.2511,0.154,0.2386
214,0.001256,0.209747,0.299935,0.415038,-0.001438,0.995252,1,1,0.2997,0.2879,0.9708,0.97,0.3344
215,0.967507,0.028496,0.001771,-0.065971,-0.00819,0.995619,1,1,0.7406,0.515,0.3464,0.1263,0.3624
216,-0.00012,0.000713,-6.6e-05,-8.1e-05,-5.9e-05,0.070582,0,0,0.1961,0.3346,0.1606,0.1206,0.2361
217,-6.9e-05,0.000456,-3e-05,-4.7e-05,6e-06,0.070512,0,0,0.0996,0.8226,0.2355,0.1094,0.2897
218,-1.2e-05,-1.4e-05,-4.1e-05,-3.9e-05,-5.3e-05,0.070037,0,0,0.2692,0.5734,0.1745,0.0,0.184
219,-6.4e-05,0.000161,-2.8e-05,-3.2e-05,-4.1e-05,0.070192,0,0,0.1277,0.754,0.225,0.2166,0.1995
220,-4.3e-05,6e-06,-3e-05,-4.6e-05,-4.7e-05,0.070036,0,0,0.2094,0.6267,0.1486,0.1651,0.1844
221,0.878556,0.033366,0.022251,-0.007297,0.00013,0.995534,1,1,0.7483,0.4935,0.5153,0.4723,0.278
222,-1.9e-05,5.7e-05,-1e-06,-3.3e-05,-3.3e-05,0.070168,0,0,0.26,0.6924,0.3281,0.0588,0.2272
223,0.000311,0.000185,-1.1e-05,-1e-05,-4.3e-05,0.070629,0,0,0.4219,0.7585,0.3061,0.2759,0.2032
224,-6.3e-05,0.006751,4.8e-05,-5.1e-05,-5.1e-05,0.076833,0,0,0.0775,0.9167,0.1071,0.13,0.209
225,0.001405,0.184804,0.435922,0.302966,-0.000128,0.9925,1,1,0.2914,0.1638,0.8133,0.7441,0.2764
226,-5.5e-05,0.035122,1.4e-05,5e-06,-1e-05,0.105219,0,0,0.1849,0.945,0.1364,0.1634,0.2704
227,-7.2e-05,0.000259,1.7e-05,-4.4e-05,-4e-05,0.070316,0,0,0.0966,0.7838,0.359,0.1861,0.0
228,-4.3e-05,1.6e-05,1.4e-05,-3.9e-05,0.000275,0.070419,0,0,0.2269,0.6709,0.3532,0.1581,0.4175
229,-5.2e-05,5e-06,0.000281,-6e-05,0.000111,0.07048,0,0,0.2269,0.6271,0.0,0.1665,0.3551
230,-4.5e-05,0.000207,-2.9e-05,-4.2e-05,-6.3e-05,0.070225,0,0,0.2125,0.7705,0.2419,0.0534,0.1207
231,0.900278,0.009519,0.005695,-0.003309,-0.001587,0.995794,1,1,1.0,0.4971,0.3695,0.4875,0.3216
232,-3.8e-05,-1e-06,-2.3e-05,1e-06,-4.9e-05,0.070086,0,0,0.2269,0.612,0.1386,0.2943,0.1858
233,-6.4e-05,5.4e-05,-2.5e-05,-1e-06,0.000175,0.070334,0,0,0.0181,0.4576,0.2808,0.2916,0.3786
234,1e-05,0.003656,-2.5e-05,-1.4e-05,0.000308,0.074129,0,0,0.0,0.9008,0.1564,0.048,0.4158
235,-0.002664,0.240878,0.021351,0.013251,0.644391,0.99389,1,1,0.2605,0.2611,0.5629,0.5585,0.8142
236,4.8e-05,0.000233,2.5e-05,-1.5e-05,-2e-06,0.070485,0,0,0.3265,0.7685,0.3693,0.0761,0.2796
237,-0.000157,0.001525,7.8e-05,-4.6e-05,8.8e-05,0.071683,0,0,0.1383,0.3391,0.3671,0.2515,0.3123
238,-7.5e-05,0.000135,-3e-05,-2.4e-05,-1e-05,0.070192,0,0,0.0862,0.7398,0.2378,0.0,0.268
239,0.011186,0.209543,0.471414,0.208577,-0.001931,0.994,1,1,0.3789,0.3685,0.8354,0.7395,0.331
240,-3.9e-05,7.8e-05,-2.5e-05,-3.9e-05,-1e-05,0.070161,0,0,0.2203,0.7092,0.2423,0.1811,0.2679
241,-5.8e-05,0.000142,-3e-05,5.3e-05,-5.1e-05,0.070252,0,0,0.0361,0.742,0.173,0.3617,0.174
242,-6.9e-05,2e-06,-2.4e-05,0.000237,-1.8e-05,0.070323,0,0,0.1501,0.5477,0.2645,0.4328,0.259
243,0.025767,0.256844,0.063979,0.093063,0.465991,0.992084,1,1,0.4403,0.3211,0.6816,0.6949,0.7645
244,5.7e-05,4.8e-05,-2.7e-05,1e-06,-5.7e-05,0.070218,0,0,0.3351,0.6874,0.2042,0.2943,0.1338
245,-5.6e-05,3e-05,-2e-05,2e-05,-2.7e-05,0.070143,0,0,0.2056,0.4709,0.2877,0.3181,0.2466
246,-7e-05,2.8e-05,-3.1e-05,-5.2e-05,-4.5e-05,0.070025,0,0,0.0695,0.6619,0.2137,0.113,0.1846
247,-5.7e-05,-8e-06,-3.2e-05,-4.3e-05,-1e-05,0.070046,0,0,0.1725,0.589,0.2081,0.1786,0.2674
248,-7.3e-05,3e-06,-1.5e-05,-4.5e-05,0.000687,0.070754,0,0,0.1371,0.5908,0.304,0.1932,0.4648
249,-7.5e-05,-2e-05,-3.1e-05,-5.8e-05,-3.9e-05,0.069973,0,0,0.0313,0.5457,0.232,0.0459,0.2076
250,-2.7e-05,-2e-06,7.2e-05,-1.9e-05,-5.1e-05,0.070169,0,0,0.2515,0.6074,0.4151,0.2596,0.0541
251,0.010288,0.250182,0.429193,0.20074,0.039073,0.994066,1,1,0.3868,0.2981,0.9062,0.8017,0.6533
252,2.5e-05,0.006205,0.000156,-3.7e-05,3.5e-05,0.076577,0,0,0.2973,0.912,0.4197,0.2393,0.3078
253,0.820271,0.110171,0.006257,-0.014775,0.003046,0.995529,1,1,0.7269,0.4352,0.4553,0.2077,0.2375
254,-4e-05,4.8e-05,-2e-05,-4.9e-05,-5e-05,0.070084,0,0,0.2151,0.6851,0.2722,0.107,0.1675
255,-3.4e-05,-1.2e-05,-3.4e-05,-5.4e-05,-1.4e-05,0.070047,0,0,0.2361,0.5564,0.2126,0.113,0.2633
256,-7.8e-05,0.000505,5e-06,-5.3e-05,-6.5e-05,0.07051,0,0,0.0926,0.8322,0.0862,0.1656,0.1521
257,0.000396,0.000586,1.6e-05,0.000516,-6.1e-05,0.071647,0,0,0.4245,0.8151,0.1695,0.493,0.1409
258,-3.8e-05,2e-06,-3e-05,-3.8e-05,-1e-06,0.07009,0,0,0.2258,0.6197,0.2069,0.1946,0.2807
259,0.010133,0.225816,0.034499,0.031367,0.606479,0.988128,1,1,0.3327,0.2117,0.535,0.5357,0.7113
260,-6.1e-05,0.000495,7e-06,5.1e-05,0.000244,0.070931,0,0,0.2061,0.816,0.3406,0.0194,0.4226
261,-6.6e-05,0.000254,-2.4e-05,1e-05,-6.6e-05,0.070302,0,1,0.0417,0.7829,0.1338,0.3082,0.1025
262,-5.2e-05,3e-05,-4.1e-05,-3.6e-05,-4.9e-05,0.070048,0,0,0.2094,0.4386,0.1976,0.2249,0.2037
263,0.000194,0.000244,0.00062,-7.7e-05,-2.1e-05,0.071156,0,0,0.3744,0.7555,0.0,0.1292,0.2608
264,-4.1e-05,6.5e-05,5e-06,6e-06,-1.2e-05,0.070218,0,0,0.2229,0.6971,0.1068,0.3026,0.2653
265,0.000187,9e-06,0.000242,-4.7e-05,-4.5e-05,0.070542,0,0,0.3658,0.5708,0.4662,0.1174,0.0557
266,-5.7e-05,-4e-06,-3.2e-05,-3.3e-05,-1.3e-05,0.070056,0,1,0.1796,0.6019,0.2313,0.0,0.2639
267,0.000953,0.001554,4.7e-05,4.4e-05,-4.8e-05,0.072745,0,0,0.4738,0.856,0.3782,0.3349,0.2058
268,-5.2e-05,3.7e-05,7.1e-05,-4.1e-05,-3.8e-05,0.070174,0,0,0.1983,0.674,0.422,0.1913,0.0
269,-6.6e-05,3.3e-05,1.9e-05,-4.1e-05,-2.6e-05,0.070115,0,0,0.1315,0.6696,0.3647,0.0599,0.2388
270,-6.2e-05,5.4e-05,4e-06,-3.4e-05,-5.5e-05,0.070103,0,0,0.1371,0.6907,0.3399,0.2038,0.1391
271,3.5e-05,9e-06,-1.3e-05,-5.5e-05,-6.4e-05,0.070108,0,0,0.3183,0.634,0.1,0.1414,0.1426
272,0.000428,-0.000116,0.002109,-1e-05,-1.6e-05,0.07259,0,0,0.3935,0.6727,0.5822,0.2779,0.2621
273,2.6e-05,7e-06,5.9e-05,-4.6e-05,-3.6e-05,0.070206,0,0,0.3085,0.6326,0.4037,0.1782,0.0116
274,-5.4e-05,0.000197,-2.1e-05,8.4e-05,-4.1e-05,0.07036,0,0,0.1818,0.762,0.2627,0.3869,0.2
275,0.0255,0.247253,0.414943,0.234581,-0.001842,0.992428,1,1,0.4112,0.187,0.8246,0.7395,0.3434
276,0.028275,0.264821,0.51777,0.104149,0.004357,0.994246,1,1,0.4574,0.1707,0.9436,0.7565,0.5647
277,-3.3e-05,5.7e-05,-2.1e-05,-4e-05,-1e-05,0.07015,0,0,0.2497,0.4497,0.2884,0.2186,0.271
278,0.034009,0.245184,0.023307,0.040186,0.585676,0.994182,1,1,0.4885,0.2973,0.6171,0.689,0.8516
279,-5.9e-05,1.1e-05,-2.5e-05,8.8e-05,-2.6e-05,0.070184,0,0,0.1659,0.6437,0.241,0.3845,0.2409
280,0.918407,0.007258,0.007289,-1.8e-05,0.000648,0.995776,1,1,0.9186,0.5792,0.3939,0.2914,0.1775
281,0.000118,0.000187,1.1e-05,0.000278,-5.9e-05,0.070731,0,0,0.3597,0.7577,0.148,0.4559,0.1254
282,-3.8e-05,-3e-06,-2e-05,-3.8e-05,2.6e-05,0.070124,0,0,0.229,0.6024,0.2761,0.1942,0.311
283,0.01942,0.103699,0.744349,0.065631,-0.00941,0.993985,1,1,0.3905,0.4247,0.825,0.636,0.4606
284,-7.1e-05,0.000111,-1e-05,-1.2e-05,-1e-06,0.070212,0,0,0.1195,0.7265,0.3079,0.0,0.2801
285,-5e-05,5e-06,-2.2e-05,-1.2e-05,-4e-05,0.070078,0,0,0.1941,0.6264,0.2605,0.2706,0.2061
286,-6.9e-05,1e-06,4e-06,-1.8e-05,-6.3e-05,0.070051,0,0,0.0923,0.6162,0.3394,0.2554,0.1031
287,-6.4e-05,1.4e-05,-8e-06,-5.4e-05,-6.7e-05,0.070017,0,0,0.1323,0.6421,0.3113,0.091,0.0536
288,-8.1e-05,0.000103,-4e-05,-6.2e-05,-8.6e-05,0.070029,0,0,0.138,0.3756,0.2322,0.15,0.0401
289,0.014941,0.117165,0.801086,0.044344,-0.052878,0.994964,1,1,0.3705,0.0886,0.9816,0.6752,0.0796
290,0.947933,-0.01841,-0.007455,0.001138,5.8e-05,0.987866,1,1,0.6394,0.6491,0.0361,0.3102,0.2736
291,-0.003561,0.238857,0.006492,0.026201,0.665962,0.995223,1,1,0.2415,0.1714,0.4714,0.7145,1.0
292,-2.3e-05,1e-06,-6e-06,-5.2e-05,0.000272,0.070388,0,0,0.2601,0.6218,0.1311,0.1367,0.4114
293,-2.4e-05,3.4e-05,-2.1e-05,-1.1e-05,-5.7e-05,0.070117,0,0,0.2506,0.6701,0.2716,0.272,0.056
294,0.933,0.012961,-0.028419,-0.00014,0.001513,0.995785,1,1,0.9045,0.5121,0.2313,0.2768,0.1689
295,-7e-05,0.000333,-2.7e-05,-5.4e-05,-6.3e-05,0.070315,0,0,0.1296,0.8068,0.2583,0.098,0.0415
296,0.973974,0.010796,-0.055283,0.000102,0.000556,0.995691,1,1,0.8314,0.5244,0.066,0.3808,0.2652
297,0.000451,7e-06,0.000145,-3.1e-05,-3.6e-05,0.070732,0,0,0.4103,0.5987,0.4334,0.2361,0.0849
298,-7.1e-05,-9e-06,-2.8e-05,-0.0,-7e-06,0.070081,0,0,0.0259,0.587,0.1209,0.292,0.2732
299,-6.3e-05,3e-06,-3e-05,7.4e-05,5.9e-05,0.070239,0,0,0.1844,0.5351,0.2047,0.3651,0.3313
300,0.908352,0.008884,0.006341,-0.006794,-0.00147,0.995742,1,1,0.8347,0.5373,0.3752,0.2132,0.3074
301,0.02528,0.211517,0.022076,0.026873,0.651818,0.993006,1,1,0.429,0.376,0.5606,0.6001,0.7644
302,-7.4e-05,-7e-06,-1.7e-05,4e-05,-6.1e-05,0.070078,0,0,0.0823,0.5931,0.2888,0.3452,0.0309
303,-6.5e-05,-1.5e-05,-1.3e-05,5e-06,-7.3e-05,0.070037,0,0,0.168,0.5103,0.0672,0.3001,0.1161
304,0.000754,1e-06,0.0,-2.7e-05,-7.1e-05,0.070853,0,0,0.4571,0.7023,0.1281,0.0574,0.1708
305,0.936895,0.024734,-0.025945,-0.000433,-0.006432,0.995781,1,0,0.9351,0.4692,0.2311,0.3654,0.3941
306,-2.6e-05,0.000981,0.000253,-5.7e-05,-2.5e-05,0.071321,0,0,0.0,0.8547,0.4973,0.09,0.0
307,-5.3e-05,0.000122,-1.7e-05,-4e-05,3.2e-05,0.07024,0,0,0.1894,0.7344,0.2851,0.0896,0.3199
308,-5.8e-05,0.000331,-1.2e-05,-5e-05,2.2e-05,0.070429,0,1,0.1888,0.7984,0.1345,0.1162,0.3081
309,-6.2e-05,0.03921,-9e-06,-2.1e-05,2.7e-05,0.109412,0,0,0.2356,0.9469,0.2889,0.0614,0.0789
310,-5.1e-05,0.000224,-2.1e-05,0.000149,-1.4e-05,0.070482,0,0,0.2001,0.7685,0.2355,0.4226,0.2616
311,-4.7e-05,6.6e-05,-2e-06,3.5e-05,4.5e-05,0.070292,0,0,0.2034,0.7055,0.325,0.3414,0.3304
312,0.008493,0.096408,0.012145,0.170129,0.637632,0.994365,1,1,0.35,0.3972,0.4917,0.7481,0.8047
313,-5.8e-05,0.002387,1e-06,-2e-05,-3.8e-05,0.072468,0,0,0.0676,0.8949,0.3315,0.0656,0.2332
314,-5.5e-05,0.000122,3.7e-05,7e-06,1.4e-05,0.070321,0,0,0.0,0.7283,0.0551,0.303,0.2986
315,0.000158,6e-06,-3.7e-05,5.8e-05,0.000208,0.07059,0,0,0.3581,0.5476,0.2504,0.0,0.3818
316,-4.5e-05,-5e-06,-3.3e-05,-3.3e-05,3.4e-05,0.070114,0,0,0.2215,0.5312,0.195,0.2278,0.3154
317,7e-06,0.000135,-0.0,-3.5e-05,0.000182,0.070484,0,0,0.2911,0.7436,0.3301,0.1831,0.4003
318,-1.5e-05,0.000195,2e-06,0.0,-3.9e-05,0.070339,0,0,0.2663,0.759,0.1263,0.293,0.215
319,0.00456,-0.000575,0.00016,-3.8e-05,-8e-06,0.074293,0,0,0.5159,0.7455,0.4213,0.2217,0.0968
320,0.000472,0.001922,5.3e-05,9e-05,-2.5e-05,0.072708,0,0,0.4285,0.8717,0.1514,0.3647,0.2534
321,-6.1e-05,-9e-06,3.9e-05,-3.1e-05,-6.3e-05,0.070071,0,0,0.1675,0.5826,0.3882,0.2267,0.0684
322,-6.9e-05,0.000293,3e-06,-4.1e-05,-5.8e-05,0.070323,0,1,0.1079,0.7941,0.3355,0.1931,0.0586
323,-6.9e-05,1e-06,0.00026,-3.6e-05,-5.7e-05,0.070295,0,0,0.1221,0.6211,0.4961,0.2128,0.1463
324,-3.9e-05,0.000117,-1.8e-05,-3.5e-05,3e-05,0.070251,0,0,0.2222,0.7319,0.2775,0.1958,0.3184
325,-3.9e-05,0.000172,6e-06,-3.7e-05,-5.1e-05,0.070245,0,0,0.2214,0.7554,0.3417,0.1897,0.1559
326,-6e-06,0.000114,-2.3e-05,-4.5e-05,6.1e-05,0.070297,0,0,0.2775,0.7295,0.1747,0.1209,0.3425
327,-1.6e-05,4.3e-05,1.3e-05,-5e-05,4.9e-05,0.070235,0,0,0.2659,0.6811,0.0921,0.1568,0.3304
328,-6.3e-05,4e-05,-1.3e-05,-3.5e-05,-5.6e-05,0.07007,0,0,0.1396,0.6764,0.2974,0.2068,0.0126
329,-6.4e-05,0.00051,-1.7e-05,-5.4e-05,-3.4e-05,0.070535,0,0,0.1767,0.8314,0.2948,0.1264,0.0
330,0.019771,0.262556,0.016456,0.052795,0.563675,0.990816,1,1,0.3954,0.2892,0.5107,0.6124,0.7361
331,0.000531,0.000242,-3e-06,-7e-06,5.1e-05,0.07101,0,1,0.4492,0.7744,0.3256,0.2805,0.329
332,-5.7e-05,2.6e-05,-2.4e-05,-5e-06,-4.9e-05,0.070087,0,1,0.173,0.6587,0.2616,0.2838,0.0
333,0.000563,5e-06,-2.3e-05,-2.7e-05,-1.6e-05,0.070697,0,0,0.4412,0.6873,0.2783,0.1014,0.2628
334,-4.9e-05,-1.2e-05,-2.7e-05,4e-06,-6.7e-05,0.070045,0,0,0.2046,0.5564,0.2488,0.2985,0.0914
335,0.027629,0.025349,0.019448,0.006026,0.83894,0.995579,1,1,0.4859,0.4123,0.5662,0.5403,0.9894
336,0.000149,0.000573,-2.2e-05,-1.8e-05,-4.5e-05,0.070833,0,1,0.3773,0.8243,0.2466,0.2609,0.2043
337,-1e-05,1.6e-05,-2.3e-05,-4e-05,3.9e-05,0.070178,0,0,0.2723,0.6528,0.2602,0.1783,0.3229
338,0.035766,0.020278,0.018289,0.011331,0.864928,0.995624,1,1,0.5228,0.4699,0.5018,0.6111,1.0
339,-1.7e-05,0.000491,0.00012,-3.9e-05,1.6e-05,0.070766,0,0,0.2657,0.8154,0.4467,0.2142,0.0
340,0.000114,-0.000123,-1.8e-05,7.6e-05,0.003397,0.073643,0,0,0.3303,0.6834,0.3085,0.0654,0.5274
341,6.9e-05,0.000133,0.000451,-3.1e-05,-4.3e-05,0.070775,0,0,0.3337,0.7457,0.5382,0.1416,0.2075
342,-2.4e-05,0.000157,-2.5e-05,-4.3e-05,-4.5e-05,0.070216,0,0,0.2503,0.7499,0.2439,0.1633,0.1905
343,0.008017,0.18825,0.030457,0.001363,0.680259,0.994951,1,1,0.3508,0.3492,0.6394,0.4471,0.8587
344,0.016423,0.08178,0.652651,0.188931,-0.008465,0.995219,1,1,0.419,0.379,0.9707,0.8211,0.5036
345,5.4e-05,0.000151,3.6e-05,0.000183,-4.3e-05,0.070577,0,0,0.3277,0.7432,0.1196,0.4269,0.2116
346,0.008869,0.067951,0.340722,0.500706,0.005164,0.994551,1,1,0.3589,0.4118,0.8381,0.8301,0.5608
347,-5.9e-05,0.00012,-2.6e-05,-4.4e-05,-5.1e-05,0.070137,0,0,0.1628,0.7357,0.1424,0.1703,0.1704
348,-4.3e-05,0.000102,9.6e-05,-4.7e-05,-3.8e-05,0.070266,0,0,0.2222,0.72,0.4407,0.0731,0.0
349,-5.6e-05,0.000293,-1.9e-05,8.7e-05,-3.5e-05,0.070466,0,0,0.1886,0.7862,0.1806,0.387,0.2241
350,-7.7e-05,-9e-06,-3.6e-05,-5.3e-05,0.000254,0.070274,0,0,0.0731,0.5593,0.1972,0.1584,0.4093
351,3.3e-05,4e-06,4.7e-05,-4.1e-05,4.8e-05,0.070287,0,0,0.3106,0.5596,0.3883,0.1757,0.3235
352,-6.5e-05,0.000775,0.000112,-4.1e-05,-5.7e-05,0.070919,0,0,0.1435,0.8482,0.4412,0.2015,0.1453
353,0.016302,0.0727,0.181849,0.663259,-0.002507,0.995414,1,1,0.4294,0.3619,0.8929,0.9922,0.3939
354,8.8e-05,2e-05,-4.3e-05,-5.4e-05,-5.2e-05,0.070155,0,0,0.3396,0.4778,0.2151,0.0533,0.2125
355,-7.3e-05,2.3e-05,-2.2e-05,-3.4e-05,-4.3e-05,0.070047,0,0,0.0801,0.6541,0.0995,0.2117,0.1966
356,-5.9e-05,6.3e-05,-2.7e-05,-3.6e-05,7.1e-05,0.070208,0,0,0.1629,0.7017,0.2294,0.2025,0.3514
357,-0.011526,0.152263,0.715051,0.059282,-0.005919,0.995451,1,1,0.205,0.3568,1.0,0.742,0.4978
358,-7e-05,-1.2e-05,-3.9e-05,-1e-05,-3.4e-05,0.070032,0,0,0.0,0.5039,0.1951,0.2765,0.2295
359,-0.010149,0.207713,0.465438,0.260777,-0.000681,0.994736,1,1,0.2063,0.0973,0.99,0.8882,0.3267
360,-6e-05,3.8e-05,1e-06,0.000171,-4.9e-05,0.070297,0,0,0.1591,0.6847,0.3331,0.4265,0.1653
361,-7.3e-05,4.2e-05,0.000113,1.5e-05,0.000117,0.070409,0,0,0.1338,0.6878,0.4421,0.0141,0.3676
362,-5.8e-05,1.9e-05,-2.3e-05,-4e-05,-6.4e-05,0.07003,0,0,0.1553,0.6508,0.2557,0.1815,0.0921
363,-0.006118,0.249575,0.015681,0.07208,0.596445,0.994538,1,1,0.2185,0.2476,0.571,0.7368,0.8777
364,6.3e-05,8.9e-05,-1.9e-05,-3.4e-05,-5.2e-05,0.070243,0,0,0.3404,0.7159,0.2772,0.2089,0.1606
365,-4.9e-05,0.000387,-9e-06,2.7e-05,-4e-06,0.070549,0,0,0.2115,0.8047,0.1634,0.3299,0.2771
366,-5.7e-05,3.3e-05,-1.2e-05,-4.8e-05,-6.7e-05,0.070044,0,0,0.1697,0.667,0.3005,0.032,0.0302
367,0.017403,-0.001849,3.6e-05,-5e-06,2.5e-05,0.085784,0,0,0.5088,0.685,0.3612,0.1709,0.1868
368,-6.6e-05,2e-06,-2.8e-05,-2.8e-05,1.8e-05,0.070094,0,0,0.1312,0.6198,0.233,0.2304,0.3032
369,0.011896,0.122217,0.148068,0.651781,-0.008317,0.991594,1,1,0.3259,0.1305,0.6691,0.7708,0.2339
370,-4.4e-05,0.0,0.000381,-3.9e-05,4e-06,0.070498,0,0,0.0429,0.5997,0.5106,0.2111,0.2859
371,-5.4e-05,6.4e-05,5e-06,1.4e-05,-5e-05,0.070174,0,0,0.1738,0.6995,0.3403,0.3151,0.159
372,6.1e-05,-0.0,1.4e-05,0.000195,-3.4e-05,0.070432,0,0,0.3257,0.5939,0.1264,0.414,0.2382
373,-6.3e-05,0.000125,-2.1e-05,-3.3e-05,2.1e-05,0.070225,0,0,0.1265,0.7362,0.2633,0.2108,0.3094
374,0.011436,0.228167,0.017898,0.001867,0.65326,0.986388,1,1,0.3484,0.4116,0.4966,0.4163,0.6677
375,4e-06,7e-06,-3e-05,-3.6e-05,-4e-05,0.0701,0,0,0.2889,0.632,0.196,0.2052,0.2096
376,-1e-05,0.001818,-3e-05,-4.7e-05,-6.3e-05,0.071864,0,0,0.2755,0.8861,0.2548,0.1374,0.1311
377,-3.4e-05,8.4e-05,4.5e-05,-6e-05,-5.4e-05,0.070177,0,0,0.237,0.7082,0.039,0.0962,0.1769
378,-5.9e-05,0.000133,0.001601,-3e-05,2.7e-05,0.071868,0,0,0.2128,0.7731,0.6091,0.2312,0.3081
379,-1.7e-05,7.3e-05,-3.3e-05,-1.7e-05,-4.4e-05,0.070159,0,0,0.2627,0.7018,0.222,0.0,0.2021
380,0.032915,0.246145,0.005338,0.004232,0.652466,0.995255,1,1,0.5171,0.2218,0.423,0.5878,0.9807
381,0.812092,0.162803,-0.048174,-0.003342,-0.001883,0.992376,1,1,0.6015,0.4678,0.2579,0.3696,0.3
382,-2.4e-05,7.1e-05,0.000536,-1.3e-05,1.4e-05,0.070781,0,0,0.2647,0.5148,0.5152,0.2731,0.2954
383,-7.3e-05,0.000331,2e-06,-5.3e-05,-5e-05,0.070352,0,0,0.1009,0.8032,0.3344,0.1273,0.0151
384,0.062206,0.251392,-0.004994,0.002462,0.611536,0.994907,1,1,0.5487,0.2602,0.2876,0.5026,0.8879
385,-5e-05,-1e-05,-2.4e-05,-4.6e-05,-1.1e-05,0.070055,0,0,0.1984,0.5749,0.2606,0.163,0.2668
386,-6.8e-05,7.5e-05,-3.1e-05,-3.5e-05,-3.9e-05,0.070098,0,0,0.0894,0.7076,0.1968,0.2026,0.2045
387,-6.9e-05,0.000627,-4e-05,-5e-06,-6e-06,0.070703,0,0,0.0385,0.8413,0.1983,0.0,0.2748
388,-7.4e-05,7e-06,-3.7e-05,-5.9e-05,-4.4e-05,0.069989,0,0,0.0047,0.6282,0.113,0.0283,0.1876
389,-7.3e-05,0.000105,-3.5e-05,-5.6e-05,-5.6e-05,0.070082,0,0,0.0797,0.7292,0.1474,0.0707,0.1511
390,0.000179,2.4e-05,0.000113,-7.5e-05,-4e-06,0.070432,0,0,0.3627,0.4848,0.0435,0.096,0.2781
391,0.030316,0.008892,0.005638,0.047883,0.8248,0.995608,1,1,0.5172,0.5312,0.3788,0.7616,1.0
392,0.038357,0.246651,0.192969,0.430021,0.012504,0.992004,1,1,0.4638,0.3539,0.7479,0.7707,0.5544
393,0.931858,0.01966,-0.029534,-0.000138,0.00174,0.99556,1,1,0.703,0.5333,0.2619,0.2806,0.2474
394,-6.1e-05,3.4e-05,-2.5e-05,-4.8e-05,7.3e-05,0.070169,0,0,0.0426,0.6754,0.2579,0.1478,0.3514
395,0.000659,-2.6e-05,-1.9e-05,0.000334,2.7e-05,0.07117,0,0,0.4358,0.6692,0.1743,0.4402,0.0142
396,-0.005715,0.238695,0.033654,0.003471,0.650715,0.994076,1,1,0.2413,0.3451,0.6081,0.4785,0.7937
397,-6.4e-05,0.000503,-1.3e-05,-4.5e-05,3.8e-05,0.070615,0,0,0.1025,0.8257,0.302,0.1498,0.3238
398,-7.1e-05,6.7e-05,-2.2e-05,-2.6e-05,-4.8e-05,0.070095,0,0,0.0821,0.7004,0.1155,0.2371,0.1773
399,-6.1e-05,4.1e-05,-2.6e-05,-4.5e-05,0.00016,0.070264,0,0,0.1679,0.6884,0.2466,0.1248,0.392
400,0.000313,0.000588,1.5e-05,0.000248,0.000242,0.071603,0,0,0.4087,0.8145,0.3487,0.0,0.4067
401,0.661241,0.18882,0.015711,0.022763,-0.018987,0.943846,1,1,0.5091,0.3998,0.4216,0.4685,0.2136
402,7.8e-05,0.000162,7e-06,-4e-05,-5.1e-05,0.070352,0,0,0.3483,0.7478,0.3436,0.1894,0.0803
403,-5.1e-05,5e-06,8.9e-05,-4.7e-05,-5.5e-05,0.070137,0,0,0.2029,0.6271,0.4332,0.1623,0.0382
404,-6.3e-05,-1e-06,-3.1e-05,-3.8e-05,2.1e-05,0.070084,0,0,0.1515,0.6115,0.2051,0.1963,0.3063
405,4e-05,0.001397,0.000109,3.4e-05,4.5e-05,0.071822,0,0,0.3126,0.8672,0.4245,0.329,0.0229
406,0.962859,0.00391,-0.019683,-0.021297,-0.013202,0.995749,1,1,0.8327,0.5764,0.2564,0.1439,0.1023
407,0.000247,0.239375,0.013747,0.011738,0.683504,0.995267,1,1,0.2869,0.254,0.5853,0.6416,0.9693
408,0.921612,0.025432,-0.017354,-0.001776,-0.008993,0.995772,1,1,0.9325,0.4622,0.2549,0.4325,0.4291
409,0.001554,0.000803,0.000218,0.072876,-0.000129,0.145545,0,0,0.3548,0.5769,0.3644,0.5941,0.201
410,-6.9e-05,-1.1e-05,-2.6e-05,-4.6e-05,-5.8e-05,0.069986,0,0,0.0172,0.5845,0.2461,0.1604,0.1406
411,-5.5e-05,0.000195,0.000516,-4.4e-05,-6.1e-05,0.070747,0,0,0.0653,0.7655,0.56,0.1991,0.1198
412,1e-06,0.000158,1.6e-05,-2.5e-05,-5.3e-05,0.070294,0,0,0.2857,0.7466,0.3583,0.055,0.1689
413,-7.2e-05,0.000266,-3.1e-05,-4.7e-05,-5.8e-05,0.070254,0,0,0.1253,0.7904,0.1299,0.1785,0.0
414,0.061369,0.229294,0.573732,0.052671,-0.002684,0.994273,1,1,0.4984,0.1965,0.8943,0.672,0.1815
415,-5.4e-05,0.00348,5.6e-05,-1.9e-05,2.3e-05,0.073681,0,0,0.2317,0.9018,0.3828,0.2661,0.3025
416,-4.3e-05,-5e-06,-3.2e-05,3.5e-05,-6.3e-05,0.070088,0,0,0.2172,0.5967,0.2038,0.3391,0.1123
417,-6.3e-05,4.1e-05,-3e-05,1e-06,-5.4e-05,0.07009,0,0,0.1357,0.678,0.191,0.2943,0.15
418,-6.1e-05,4.8e-05,1.2e-05,2.2e-05,-7e-06,0.07021,0,0,0.1254,0.6886,0.3532,0.3266,0.2718
419,0.020603,0.157539,0.682514,0.063205,-1e-06,0.991392,1,1,0.3568,0.1723,0.7926,0.5796,0.2819
420,0.010817,0.220673,0.004304,0.002451,0.702228,0.995231,1,1,0.3825,0.1222,0.3832,0.4644,0.9933
421,-3.3e-05,0.000489,-2e-06,-1.1e-05,-1.9e-05,0.07062,0,0,0.2408,0.8208,0.3273,0.2727,0.2523
422,-5.5e-05,8e-06,-0.0,4.3e-05,-5e-05,0.070141,0,0,0.0305,0.6336,0.3304,0.3484,0.1747
423,-5.7e-05,6.2e-05,1.4e-05,-3e-05,-5.8e-05,0.070127,0,0,0.1652,0.6974,0.3577,0.2201,0.1119
424,-4.7e-05,-1.1e-05,-4e-06,-4.9e-05,-5.9e-05,0.070026,0,0,0.2088,0.5281,0.3225,0.158,0.1544
425,0.00016,5e-06,1e-06,-3.8e-05,8e-06,0.070331,0,0,0.3741,0.6427,0.3326,0.179,0.291
426,-4.6e-05,3e-05,-2.8e-05,-4.5e-05,-8e-06,0.070099,0,0,0.2041,0.667,0.2245,0.1553,0.27
427,-6.4e-05,0.000201,2.5e-05,-4.3e-05,-1.7e-05,0.070298,0,0,0.0939,0.7645,0.3738,0.1534,0.2557
428,-2e-06,0.00018,-1.9e-05,-3.1e-05,0.000132,0.070455,0,0,0.2816,0.7575,0.2678,0.2179,0.3835
429,-3.3e-05,0.000402,-2.7e-05,-3.6e-05,-2.4e-05,0.070479,0,0,0.2428,0.8119,0.2589,0.2223,0.0
430,7e-06,6.9e-05,0.000258,-6e-05,2.6e-05,0.070496,0,0,0.2909,0.6938,0.0126,0.1562,0.3071
431,-5.6e-05,0.000284,-5e-06,-3.1e-05,-4.3e-05,0.070344,0,0,0.1739,0.79,0.3192,0.2205,0.1973
432,-7e-05,3e-06,-1.7e-05,-5e-05,1.9e-05,0.070082,0,0,0.0713,0.6231,0.2851,0.1297,0.3057
433,-7.7e-05,0.000337,-3.5e-05,-2.5e-05,-6.2e-05,0.070334,0,0,0.0715,0.8065,0.2242,0.0,0.153
434,0.000107,0.000195,-4e-06,-4.2e-05,-5.9e-05,0.070393,0,0,0.3642,0.759,0.3221,0.104,0.1069
435,3.3e-05,0.000122,-2.4e-05,-4.1e-05,-3.7e-05,0.070249,0,0,0.3178,0.7321,0.2582,0.0996,0.2182
436,-3.8e-05,0.000107,-2.3e-05,-3e-05,-5.5e-05,0.070157,0,0,0.2236,0.7263,0.1479,0.2263,0.1517
437,0.00601,0.235425,0.006817,0.008136,0.680941,0.995097,1,1,0.3456,0.2758,0.4473,0.5842,0.908
438,-6e-06,4.5e-05,-3.5e-05,-1.7e-05,-3.7e-05,0.070146,0,0,0.2774,0.679,0.2118,0.0,0.2203
439,0.000135,5.2e-05,-1e-05,-5.5e-05,-4.6e-05,0.070271,0,0,0.3533,0.4796,0.3151,0.1246,0.2235
440,-3.7e-05,2e-06,-1.9e-05,-3.6e-05,4.8e-05,0.070154,0,0,0.2298,0.6225,0.2782,0.2023,0.3299
441,-6.8e-05,-1e-05,-1e-06,-4.6e-05,-6.6e-05,0.070005,0,0,0.1192,0.5873,0.3273,0.1652,0.0309
442,0.88358,0.039312,0.010488,-3.5e-05,-0.009501,0.995565,1,1,0.7148,0.4976,0.4167,0.3079,0.1487
443,-1e-05,0.000164,-1.7e-05,-3.2e-05,-3e-05,0.070272,0,0,0.2725,0.7494,0.2896,0.227,0.0
444,0.000139,0.0,-1.6e-05,0.000268,-5.7e-05,0.07053,0,0,0.3582,0.612,0.1643,0.4337,0.0868
445,0.000225,5.2e-05,0.0001,0.00012,0.000208,0.070902,0,0,0.3878,0.7219,0.428,0.3924,0.3939
446,-4.3e-05,1.9e-05,-1.2e-05,2.3e-05,-4.3e-05,0.070138,0,0,0.2164,0.6511,0.1209,0.3259,0.2013
447,-7.2e-05,-1.9e-05,1.8e-05,-4e-05,-7.4e-05,0.070009,0,0,0.0099,0.5259,0.3625,0.1976,0.061
448,0.659498,0.22256,0.01507,-0.001926,-0.000605,0.956429,1,0,0.5189,0.4009,0.4396,0.3357,0.2864
449,-5.6e-05,0.000417,-3.4e-05,3e-06,-4.3e-05,0.070484,0,0,0.2016,0.8152,0.2243,0.0,0.2151
450,-4.4e-05,0.000221,-8e-06,-2.6e-05,-1.5e-05,0.070325,0,0,0.2126,0.7705,0.3113,0.2353,0.2585
451,-5.2e-05,0.000335,-3.2e-05,-5.2e-05,5.7e-05,0.070453,0,0,0.0244,0.7994,0.1707,0.1452,0.3417
452,-6.6e-05,1e-06,-1e-06,-3.5e-05,0.000541,0.070637,0,0,0.1015,0.5986,0.3295,0.2298,0.4511
453,0.000122,9.4e-05,-2.7e-05,-4.4e-05,-2.8e-05,0.070312,0,0,0.3695,0.7194,0.2287,0.1483,0.2392
454,7e-05,0.000169,-1.9e-05,-3.8e-05,2.2e-05,0.0704,0,0,0.3426,0.751,0.2777,0.1371,0.308
455,-5.7e-05,0.000117,-1.8e-05,-4.2e-05,0.00012,0.070315,0,0,0.1776,0.7347,0.2821,0.1433,0.3799
456,0.000234,4e-06,-2.4e-05,-2.9e-05,3.4e-05,0.070415,0,0,0.3837,0.5808,0.2041,0.2418,0.3119
457,0.000108,0.000188,3.6e-05,-5e-05,-2e-06,0.070475,0,0,0.3609,0.7538,0.099,0.162,0.2793
458,-0.005901,0.197074,-0.08139,-0.17923,0.994474,0.993513,1,0,0.2459,0.4394,0.0904,0.1626,0.7375
459,-6.1e-05,8e-06,1e-06,5e-06,3.5e-05,0.070185,0,0,0.1472,0.6379,0.3333,0.3013,0.3198
460,4.5e-05,6.4e-05,-1.3e-05,0.000138,-2.5e-05,0.070405,0,0,0.3217,0.7002,0.1342,0.4055,0.0
461,0.00054,1e-05,-2.4e-05,-3.6e-05,3.1e-05,0.070717,0,0,0.4218,0.5891,0.2266,0.2244,0.3094
462,-1.9e-05,0.001228,-2.5e-05,-1.7e-05,-5.6e-05,0.071307,0,0,0.2652,0.8713,0.2387,0.2662,0.1757
463,5.1e-05,0.000505,4.9e-05,-4.1e-05,0.000114,0.070874,0,0,0.3242,0.8147,0.1157,0.2129,0.3706
464,0.024765,-0.002223,0.004204,5.1e-05,-8e-05,0.096898,0,0,0.5096,0.6823,0.0243,0.3268,0.1851
465,-4e-05,4e-06,-2.5e-05,0.000126,-4e-05,0.07022,0,0,0.2283,0.6285,0.2401,0.4017,0.2094
466,5e-05,0.000126,-3.1e-05,-3.6e-05,-5.3e-05,0.070253,0,0,0.3319,0.7335,0.2286,0.0628,0.1764
467,-3e-05,0.000271,-2.5e-05,-1.6e-05,-5.5e-05,0.070342,0,0,0.2441,0.7849,0.1803,0.2647,0.1555
468,0.017525,0.232379,0.00375,0.039023,0.611539,0.992507,1,1,0.4003,0.3702,0.3736,0.6016,0.7419
469,0.120436,0.243625,0.017355,0.001982,0.532837,0.991593,1,1,0.5334,0.1984,0.4923,0.3593,0.7477
470,-1.7e-05,-5e-06,-2.2e-05,-3.4e-05,-8e-06,0.07011,0,0,0.2644,0.5977,0.2757,0.0361,0.2716
471,0.017571,0.21727,0.008024,0.018026,0.658739,0.99033,1,1,0.3678,0.2623,0.3876,0.5096,0.7221
472,0.006127,-0.000506,-9e-06,-3.3e-05,-3.5e-05,0.075737,0,0,0.4956,0.6741,0.203,0.2117,0.1352
473,-6.6e-05,0.000236,-1.1e-05,-4.8e-05,-4.9e-05,0.070258,0,0,0.1265,0.78,0.3038,0.1077,0.1809
474,4.1e-05,0.0008,-2.6e-05,-3.9e-05,-6.3e-05,0.07091,0,0,0.3185,0.8503,0.2725,0.0906,0.1
475,0.340089,0.14164,0.012828,0.048495,0.376568,0.991609,1,1,0.6225,0.418,0.4556,0.6187,0.6956
476,-5.6e-05,0.001186,-2.6e-05,-5.1e-05,-6.1e-05,0.071188,0,0,0.2148,0.8724,0.1689,0.1248,0.1772
477,-2.8e-05,0.000152,4.7e-05,0.000248,0.000449,0.071064,0,1,0.2566,0.7587,0.1431,0.4421,0.4487
478,0.00011,0.000118,2e-06,-4.7e-05,0.000103,0.070481,0,0,0.3594,0.7328,0.1444,0.152,0.3625
479,6.6e-05,-8e-06,-3.6e-05,-3.9e-05,-8e-06,0.070172,0,0,0.3332,0.567,0.2161,0.0531,0.2722
480,0.663107,0.260233,0.006778,-0.008457,-0.004654,0.989163,1,1,0.584,0.4153,0.369,0.3925,0.1931
481,-5.7e-05,1.4e-05,3.3e-05,-3.7e-05,-4.8e-05,0.070101,0,0,0.1684,0.644,0.3842,0.1944,0.1775
482,0.019662,0.058168,0.00475,0.002388,0.84812,0.995587,1,1,0.4381,0.3882,0.3589,0.4223,0.9626
483,-4e-05,0.000351,-3.4e-05,-4.1e-05,-4.6e-05,0.070385,0,0,0.0,0.8067,0.2087,0.2024,0.2002
484,-0.001137,0.151186,0.000845,-0.000145,0.008379,0.229542,0,0,0.0752,0.9812,0.3865,0.2681,0.4665
485,0.007598,0.259339,0.043431,0.014887,0.605583,0.994525,1,1,0.3588,0.1936,0.6981,0.6245,0.901
486,3.2e-05,1.3e-05,-9e-06,-4.3e-05,-4.3e-05,0.070147,0,0,0.3157,0.6431,0.1099,0.1909,0.2083
487,0.036139,0.012484,0.001604,4e-06,4.7e-05,0.120449,0,0,0.5732,0.88,0.0926,0.1499,0.3028
488,0.007101,0.02102,0.003964,0.002207,0.863547,0.995671,1,1,0.3444,0.4622,0.3545,0.3828,0.9586
489,0.057778,0.258035,0.068844,0.545452,-0.004582,0.993962,1,1,0.5091,0.2384,0.6994,0.8593,0.4236
490,0.016384,0.240128,0.567426,0.117079,-0.007643,0.995086,1,1,0.433,0.2465,1.0,0.8172,0.4605
491,-6.8e-05,-8e-06,-3e-05,-5e-05,-1.9e-05,0.07002,0,0,0.1156,0.5905,0.2265,0.1374,0.2521
492,0.898915,0.017309,0.008198,-0.010964,0.000919,0.994977,1,1,0.6375,0.5541,0.3924,0.2345,0.2073
493,-3.3e-05,0.000176,0.00018,-6.2e-05,-3.8e-05,0.070419,0,0,0.2461,0.7475,0.0133,0.1314,0.2264
494,-6.4e-05,-2.1e-05,-3.8e-05,-5.9e-05,-5.9e-05,0.069955,0,0,0.1349,0.5276,0.1429,0.1021,0.1442
495,0.825392,0.121496,-0.014037,-0.001311,-0.006644,0.995741,1,1,0.9275,0.3581,0.2609,0.2016,0.3795
496,-6.1e-05,0.000101,3.5e-05,1.7e-05,-5.4e-05,0.070234,0,1,0.1339,0.7221,0.3879,0.3204,0.1215
497,-7.1e-05,0.000439,-2.2e-05,-5e-05,6e-05,0.07055,0,0,0.1158,0.8175,0.1593,0.1424,0.3429
498,-5.4e-05,3.6e-05,-3.2e-05,-5e-05,-5e-06,0.070092,0,0,0.1839,0.673,0.1709,0.0846,0.275
499,0.015112,0.205227,0.014261,0.009109,0.688553,0.992362,1,1,0.378,0.3999,0.4956,0.5183,0.7322
500,-6.3e-05,1e-06,3.8e-05,6.5e-05,-1.1e-05,0.070225,0,0,0.1253,0.6173,0.3853,0.3644,0.2676
501,-4.3e-05,4.7e-05,0.000185,-2.6e-05,6.3e-05,0.070422,0,0,0.2221,0.6981,0.4789,0.2344,0.3403
502,-7.2e-05,3.2e-05,-3.6e-05,-5.7e-05,-7e-05,0.069992,0,0,0.0715,0.6668,0.1878,0.0586,0.0607
503,-1.8e-05,0.000884,-2.1e-05,-4.1e-05,2.6e-05,0.071025,0,0,0.0,0.8571,0.2904,0.0701,0.3093
504,0.000124,1e-05,1.4e-05,-5.2e-05,-6.5e-05,0.070226,0,0,0.353,0.5183,0.349,0.1102,0.1551
505,9e-06,0.000158,1.2e-05,-4.4e-05,-3.8e-05,0.070293,0,0,0.2939,0.7458,0.0967,0.1839,0.2193
506,-7.1e-05,0.000471,-2.9e-05,-4.4e-05,-4.2e-05,0.070479,0,0,0.1149,0.8274,0.244,0.0755,0.2126
507,-4.9e-05,-2e-06,-2.2e-05,-4.7e-05,9.5e-05,0.070171,0,0,0.2081,0.6062,0.2712,0.1138,0.3574
508,2e-06,6.6e-05,9.6e-05,-4.5e-05,2.2e-05,0.070336,0,0,0.2855,0.4794,0.4154,0.1938,0.3017
509,0.000787,4.1e-05,-8e-06,-4.9e-05,-6.4e-05,0.070903,0,0,0.4263,0.5325,0.1423,0.2064,0.1744
510,-6.6e-05,4e-06,3.9e-05,-4.5e-05,0.000308,0.070436,0,0,0.1881,0.5507,0.3783,0.1346,0.4141
511,8.8e-05,0.001135,2e-06,-4.8e-05,-3.2e-05,0.07134,0,0,0.3424,0.8632,0.3331,0.1765,0.0546
512,-7e-05,9e-06,-1.9e-05,-5.6e-05,-7.1e-05,0.069988,0,0,0.0,0.6329,0.2731,0.0282,0.0676
513,-4.9e-05,5.9e-05,3e-06,-1.2e-05,-5.4e-05,0.070144,0,0,0.1931,0.6956,0.3372,0.27,0.1381
514,-6.3e-05,0.000814,0.000476,-5.9e-05,-8.2e-05,0.071281,0,0,0.2237,0.8436,0.0,0.2022,0.1537
515,1e-06,-7e-06,-2.1e-05,-4.7e-05,-2.4e-05,0.070097,0,0,0.285,0.586,0.2734,0.1489,0.2481
516,3.8e-05,8e-06,-2e-05,4.6e-05,5e-06,0.070274,0,0,0.3181,0.6448,0.2679,0.3483,0.2886
517,-6.3e-05,3.2e-05,5e-05,-9e-06,-5.8e-05,0.070147,0,0,0.1419,0.6697,0.4046,0.2755,0.1017
518,0.018241,0.193226,0.720526,0.003089,-0.011768,0.995268,1,1,0.4233,0.3337,0.9609,0.613,0.5134
519,-3.9e-05,0.000345,0.000279,-6e-06,-1.4e-05,0.070761,0,0,0.2417,0.7908,0.5123,0.0307,0.0
520,-6.7e-05,-2e-06,-1.1e-05,1e-06,-6.7e-05,0.07005,0,0,0.029,0.6088,0.3041,0.294,0.063
521,-0.028478,0.189379,0.004012,0.167909,0.604812,0.992471,1,1,0.1794,0.4302,0.3918,0.6591,0.7083
522,0.846381,0.173957,0.001261,-0.081433,-0.0187,0.995318,1,1,0.7136,0.4109,0.3447,0.1242,0.4378
523,9e-06,0.000265,1.6e-05,2.7e-05,-4.4e-05,0.070468,0,0,0.293,0.776,0.0942,0.3274,0.0163
524,0.016437,0.231255,0.017173,0.002639,0.655945,0.992867,1,1,0.3886,0.3619,0.5284,0.4677,0.7515
525,-0.000473,0.089395,-0.000188,-4.2e-05,-7.2e-05,0.1587,0,1,0.1076,1.0,0.2173,0.2895,0.1004
526,0.044615,0.204095,0.03674,0.64335,-0.00457,0.995068,1,1,0.5217,0.3206,0.6849,0.9242,0.4253
527,3.8e-05,8.5e-05,-1.9e-05,-4.7e-05,-6.1e-05,0.070191,0,0,0.3232,0.7119,0.2791,0.1362,0.0955
528,-7.5e-05,0.018855,6.4e-05,-2.7e-05,-3.7e-05,0.088952,0,0,0.1389,0.9331,0.3722,0.2308,0.1288
529,-2.2e-05,0.001351,5.5e-05,1.4e-05,-5e-06,0.071589,0,0,0.2619,0.8694,0.3934,0.3105,0.2763
530,-6.7e-05,3.4e-05,-3.2e-05,-4.4e-05,-3.8e-05,0.070048,0,0,0.1109,0.6707,0.1861,0.1622,0.205
531,-5.2e-05,2.7e-05,8.1e-05,-3.5e-05,5.3e-05,0.07027,0,0,0.2001,0.6716,0.426,0.1006,0.3331
532,-2.8e-05,-0.0,-2.9e-05,-4.7e-05,-3.3e-05,0.070058,0,0,0.2434,0.6131,0.2275,0.1494,0.226
533,-3e-06,0.001036,0.00011,0.000101,0.000156,0.071595,0,1,0.0,0.8541,0.0767,0.3781,0.3847
534,0.009692,0.210791,0.007327,0.000173,0.695195,0.99552,1,1,0.3893,0.2787,0.4711,0.2988,1.0
535,-2e-06,6e-06,1e-06,0.000198,-2.3e-05,0.070376,0,0,0.282,0.564,0.3324,0.418,0.2506
536,-2e-06,7.1e-05,-1.9e-05,0.000384,0.004166,0.074794,0,0,0.2835,0.5396,0.3127,0.0,0.5198
537,-6.1e-05,2.3e-05,2.5e-05,-1e-05,-5.1e-05,0.070122,0,0,0.1431,0.6592,0.3733,0.2732,0.1621
538,8.3e-05,0.001921,-2.6e-05,-5.5e-05,2.7e-05,0.072146,0,0,0.3341,0.8836,0.2883,0.129,0.0
539,-5.5e-05,8.7e-05,-3.1e-05,-5.1e-05,-4.2e-05,0.070104,0,0,0.1756,0.7152,0.1652,0.1088,0.1989
540,1.024334,-0.050402,0.006589,-0.029403,-0.033506,0.988596,1,0,0.5892,0.6612,0.3825,0.2022,0.1696
541,-5.7e-05,1.7e-05,-9e-06,-4e-05,-3.3e-05,0.070074,0,0,0.1756,0.6466,0.0842,0.1915,0.2253
542,-6.5e-05,1.9e-05,-3e-05,6e-06,-5.5e-05,0.070071,0,0,0.1224,0.6512,0.2184,0.3027,0.1445
543,-4e-05,0.000211,2.3e-05,7.3e-05,-3.2e-05,0.070431,0,0,0.2233,0.7641,0.3694,0.3776,0.2232
544,1e-06,3.8e-05,-2.9e-05,-3.5e-05,-5e-05,0.070122,0,0,0.2858,0.676,0.2179,0.2081,0.1732
545,0.827591,0.117319,-0.024516,-0.001265,0.00015,0.993627,1,1,0.664,0.2403,0.2794,0.4681,0.2656
546,-3.4e-05,0.000105,2.7e-05,-4.5e-05,1e-05,0.070258,0,0,0.2386,0.7214,0.077,0.1822,0.2941
547,-3.7e-05,-1.9e-05,-2.8e-05,-5.9e-05,-7.1e-05,0.069982,0,0,0.2235,0.5567,0.2508,0.0405,0.0
548,4.1e-05,-8e-06,-3.8e-05,-4e-06,1.9e-05,0.070205,0,0,0.3171,0.5752,0.2135,0.0,0.3003
549,0.038069,0.195729,-2.2e-05,0.026445,0.631793,0.994798,1,1,0.5007,0.3534,0.3303,0.6457,0.8516
550,-6e-05,0.00086,-1.3e-05,-1e-06,-4.5e-05,0.070936,0,0,0.194,0.8567,0.3051,0.2908,0.0665
551,-6.2e-05,0.047163,3.5e-05,4.3e-05,2.9e-05,0.117373,0,0,0.2607,0.9518,0.1784,0.0853,0.0075
552,-6.6e-05,-0.0,-2.7e-05,3.2e-05,6e-06,0.070141,0,0,0.141,0.6135,0.18,0.3364,0.2899
553,-1.3e-05,-2e-06,1.8e-05,-2.6e-05,3.8e-05,0.070211,0,0,0.2698,0.6014,0.3592,0.2388,0.3195
554,-2.9e-05,4.4e-05,8e-06,-2.9e-05,0.000114,0.070304,0,0,0.2464,0.692,0.3459,0.2229,0.3707
555,-5.5e-05,0.000302,-2.1e-05,-4.2e-05,6.1e-05,0.070441,0,0,0.1894,0.7913,0.2704,0.128,0.3454
556,2.2e-05,0.001479,-6e-05,0.000401,-7e-05,0.071968,0,0,0.291,0.3751,0.1867,0.3962,0.1973
557,-0.006691,0.246914,0.393352,0.266737,0.005636,0.992584,1,1,0.2161,0.3269,0.805,0.7372,0.5266
558,-5.8e-05,2.3e-05,8e-06,-2.8e-05,3.6e-05,0.070177,0,0,0.1629,0.6639,0.3458,0.2287,0.3221
559,2.2e-05,2.2e-05,7e-06,9e-06,-5.4e-05,0.070202,0,0,0.3064,0.6615,0.3428,0.306,0.0937
560,-7.3e-05,0.001513,-2e-05,0.001528,-3.6e-05,0.073107,0,0,0.1433,0.8601,0.22,0.5649,0.2372
561,-7e-05,3e-06,-3e-05,-9e-06,-3.9e-05,0.070051,0,0,0.1021,0.6217,0.1495,0.2753,0.2099
562,0.001325,2.6e-05,0.000166,1.4e-05,0.000337,0.072063,0,0,0.4507,0.5967,0.4282,0.3091,0.3985
563,0.041448,0.097666,0.019999,0.006134,0.759132,0.995255,1,1,0.5295,0.3578,0.5933,0.5783,0.9281
564,-8e-05,0.012362,6.3e-05,-4.1e-05,3.3e-05,0.082527,0,0,0.2072,0.9266,0.3736,0.1432,0.3046
565,-5.1e-05,-1e-06,0.000108,-5.7e-05,5.5e-05,0.070249,0,0,0.0006,0.5186,0.4302,0.1266,0.3276
566,-7.1e-05,2.2e-05,-3e-05,-4.4e-05,0.00013,0.070203,0,0,0.1242,0.6633,0.2312,0.0736,0.3791
567,-0.047728,0.215418,0.02646,0.018853,0.703783,0.994317,1,1,0.133,0.2839,0.5664,0.5561,0.8239
568,-2.6e-05,0.000274,-3e-05,2e-06,-1.6e-05,0.0704,0,0,0.0,0.7839,0.2297,0.2951,0.259
569,0.099064,0.236154,0.006761,0.055902,0.530667,0.9943,1,1,0.6,0.3248,0.4532,0.7202,0.8473
570,-6.6e-05,3.6e-05,-2.3e-05,5.2e-05,-5.1e-05,0.070143,0,0,0.1377,0.6736,0.1463,0.3596,0.171
571,0.051858,0.006941,0.00155,0.050221,0.828645,0.995219,1,1,0.517,0.5627,0.3407,0.6613,0.8383
572,-6.7e-05,7.3e-05,-1.8e-05,-3.2e-05,-1.5e-05,0.070136,0,0,0.1263,0.704,0.1243,0.2187,0.259
573,-4.6e-05,2.2e-05,-3.2e-05,-1.6e-05,-6.4e-05,0.07006,0,0,0.2009,0.6549,0.2017,0.2612,0.0696
574,0.895972,0.098616,0.005978,-0.075444,0.000695,0.995692,1,1,0.8692,0.394,0.4714,0.0,0.2705
575,-5.7e-05,0.00029,0.000158,4.9e-05,-4.8e-05,0.070587,0,0,0.1752,0.7825,0.4742,0.3534,0.1474
576,0.000222,0.001613,0.0001,-6.3e-05,-7.8e-05,0.07199,0,0,0.3857,0.873,0.0912,0.1453,0.1459
577,0.032583,0.26938,0.034269,0.012901,0.581659,0.99126,1,1,0.4305,0.2636,0.5803,0.5289,0.7476
578,-5.9e-05,0.000103,-1.9e-05,6e-06,0.000167,0.070393,0,0,0.1555,0.7301,0.2696,0.3022,0.3971
579,-0.001343,0.423382,0.009167,-0.00087,0.020539,0.51729,1,0,0.2699,1.0,0.443,0.2775,0.4809
580,-5.6e-05,4.8e-05,0.000103,5.4e-05,-1.3e-05,0.070332,0,0,0.1689,0.6928,0.4432,0.3587,0.2625
581,1.6e-05,0.002967,6.5e-05,-1.9e-05,0.000118,0.073344,0,0,0.2949,0.8948,0.3888,0.125,0.3582
582,-5.9e-05,0.000369,-7e-06,-3.6e-05,1.6e-05,0.070479,0,0,0.1599,0.8052,0.3157,0.2023,0.3021
583,0.476755,-0.078574,-0.001956,0.000927,-0.001453,0.46413,0,0,0.5765,0.7359,0.2563,0.2034,0.2588
584,0.796429,0.200536,0.022899,-0.091948,-0.013418,0.981687,1,1,0.5681,0.3853,0.4696,0.1838,0.4132
585,-4.7e-05,0.000291,-1.9e-05,-4.4e-05,-3.4e-05,0.070343,0,0,0.2152,0.7907,0.129,0.0577,0.2294
586,-2.1e-05,1.5e-05,0.00021,6.1e-05,0.000175,0.070635,0,0,0.2598,0.6835,0.4783,0.3591,0.3857
587,-5.8e-05,1.4e-05,4.5e-05,-4.7e-05,-6.8e-05,0.070083,0,0,0.0,0.6419,0.4002,0.1648,0.0842
588,-7.1e-05,0.000256,1.1e-05,-1.6e-05,-6.9e-05,0.070307,0,0,0.1329,0.7831,0.3497,0.0,0.0845
589,0.000271,7.6e-05,-1.2e-05,-3e-05,-6.2e-05,0.07044,0,0,0.411,0.7133,0.1252,0.0418,0.1786
590,-2.2e-05,-8e-06,-3.6e-05,-5e-05,-1.4e-05,0.070066,0,0,0.2556,0.5912,0.1725,0.0595,0.2632
591,-6.4e-05,0.000235,0.000102,0.000149,-6.2e-05,0.070556,0,0,0.2227,0.4367,0.4096,0.3851,0.1844
592,-5.9e-05,-2.7e-05,-2e-05,0.001497,-3.7e-05,0.07155,0,0,0.2174,0.6626,0.2327,0.5389,0.2298
593,-5.9e-05,4.3e-05,-2e-05,0.000118,0.000382,0.07066,0,0,0.1249,0.7101,0.2711,0.3962,0.4395
594,2e-05,4e-06,-3.1e-05,-3.8e-05,-6.1e-05,0.070091,0,0,0.3055,0.6249,0.223,0.2023,0.1292
595,-7.2e-05,0.000158,2.2e-05,-1.1e-05,-1.9e-05,0.070274,0,0,0.0691,0.7468,0.367,0.0015,0.2547
596,-4.1e-05,0.000173,-1.4e-05,-5.4e-05,-7.6e-05,0.070183,0,0,0.2218,0.7568,0.0749,0.0267,0.0386
597,0.000249,4.7e-05,2e-05,-1.6e-05,0.000114,0.070609,0,0,0.3979,0.7039,0.1473,0.2668,0.3614
598,-4.7e-05,0.019492,-3.2e-05,-0.0,-3.9e-05,0.089554,0,0,0.2575,0.9338,0.2376,0.2922,0.1202
599,-7e-05,0.001124,-2.7e-05,-3.7e-05,0.0001,0.071285,0,0,0.1049,0.8669,0.2711,0.091,0.3632
