campaign_id,n_wallets,wgd,cds,col,inf,fts,fas,below_min_wallets
CAMP_0001,36,0.5865,0.7957,0.7007,0.9889,0.0,0.3897,False
CAMP_0002,21,0.5881,0.699,0.6819,0.9667,0.0,0.4253,False
CAMP_0003,29,0.5394,0.7036,0.626,0.9533,0.0,0.3469,False
CAMP_0004,13,0.5897,0.5739,0.7128,0.98,0.0,0.3079,False
CAMP_0005,4,0.5833,0.5,0.8283,0.7756,0.0,0.4989,False
CAMP_0006,36,0.5294,0.6978,0.6637,0.9822,0.0,0.333,False
CAMP_0007,42,0.5247,0.9159,0.6279,0.9933,0.0,0.3632,False
CAMP_0008,5,0.65,0.5818,0.7493,0.6267,0.0,0.4503,False
CAMP_0009,12,0.5,0.7267,0.6861,0.8756,0.0,0.3938,False
CAMP_0010,44,0.5219,0.7763,0.6315,0.9889,0.0,0.3413,False
CAMP_0011,34,0.5437,0.7261,0.6776,0.9689,0.0,0.3889,False
CAMP_0012,31,0.5177,0.7456,0.6624,0.98,0.0,0.4101,False
CAMP_0013,34,0.5343,0.8034,0.6447,0.9733,0.0,0.3999,False
CAMP_0014,25,0.5008,0.8158,0.6584,0.9222,0.0,0.4133,False
CAMP_0015,34,0.5111,0.7318,0.6375,0.98,0.0,0.3452,False
CAMP_0016,49,0.5561,0.7899,0.6818,0.9889,0.0,0.3845,False
CAMP_0017,32,0.5494,0.7291,0.6519,0.9889,0.0,0.3715,False
CAMP_0018,47,0.5176,0.7721,0.666,0.9711,0.0,0.3797,False
CAMP_0019,41,0.5027,0.7463,0.6374,0.9889,0.0,0.3789,False
CAMP_0020,42,0.5436,0.9312,0.7013,0.9533,0.0,0.3596,False
CAMP_0021,28,0.5582,0.7123,0.6912,0.98,0.0,0.3155,False
CAMP_0022,37,0.5056,0.8773,0.6305,0.98,0.0,0.3526,False
CAMP_0023,32,0.5645,0.8364,0.684,0.9689,0.0,0.3487,False
CAMP_0024,50,0.5202,0.7467,0.6465,0.98,0.0,0.3533,False
CAMP_0025,5,0.775,0.6891,0.7893,0.8933,0.0,0.5913,False
CAMP_0026,34,0.5575,0.7329,0.6788,0.9867,0.0,0.4419,False
CAMP_0027,33,0.4986,0.6881,0.6265,0.9556,0.0,0.3895,False
CAMP_0028,15,0.5262,0.6849,0.6658,0.8933,0.0,0.2991,False
CAMP_0029,30,0.5828,0.736,0.6936,0.9689,0.0,0.4024,False
CAMP_0030,51,0.5094,0.7464,0.6536,0.9911,0.0,0.3883,False
