campaign_id,n_transactions,ctcc,ts,ctcs,below_min_timestamps
CAMP_0001,44,0.4601,0.0031,0.2773,False
CAMP_0002,22,0.3465,0.0035,0.2093,False
CAMP_0003,33,0.0925,0.0017,0.0562,False
CAMP_0004,14,0.3415,0.0037,0.2064,False
CAMP_0005,11,0.256,0.0029,0.1548,False
CAMP_0006,46,0.35,0.0033,0.2113,False
CAMP_0007,50,0.0157,0.002,0.0102,False
CAMP_0008,25,0.2243,0.002,0.1354,False
CAMP_0009,12,0.0327,0.001,0.02,False
CAMP_0010,50,0.0206,0.0018,0.0131,False
CAMP_0011,35,0.359,0.0037,0.2169,False
CAMP_0012,40,0.3641,0.0028,0.2196,False
CAMP_0013,41,0.429,0.0034,0.2588,False
CAMP_0014,26,0.1749,0.0017,0.1056,False
CAMP_0015,39,0.1904,0.0025,0.1152,False
CAMP_0016,56,-0.0417,0.0012,-0.0245,False
CAMP_0017,38,0.3187,0.0024,0.1922,False
CAMP_0018,54,0.4058,0.0033,0.2448,False
CAMP_0019,46,0.3867,0.0032,0.2333,False
CAMP_0020,46,-0.1815,0.0013,-0.1084,False
CAMP_0021,29,0.3173,0.0028,0.1915,False
CAMP_0022,46,0.366,0.0035,0.221,False
CAMP_0023,41,0.4263,0.0029,0.2569,False
CAMP_0024,56,0.4044,0.003,0.2438,False
CAMP_0025,41,-0.1252,0.0014,-0.0745,False
CAMP_0026,39,0.3682,0.0037,0.2224,False
CAMP_0027,39,0.4594,0.0038,0.2772,False
CAMP_0028,17,0.4342,0.0036,0.262,False
CAMP_0029,33,-0.0282,0.0015,-0.0163,False
CAMP_0030,60,0.4099,0.0032,0.2472,False
