campaign_id,title,A,T,M,cti_score,cti_norm,trust_label
CAMP_0001,ZenSwap,0.0,0.0,0.0,0.0,0.0,LOW TRUST
CAMP_0002,VaultNetwork,0.0,0.1429,0.0,0.0476,0.0625,LOW TRUST
CAMP_0003,BlockProtocol,0.0,0.0,0.0,0.0,0.0,LOW TRUST
CAMP_0004,FluxLabs,0.0,1.0,0.0,0.3333,0.4375,MEDIUM TRUST
CAMP_0005,ProtoChain,1.0,0.0,1.0,0.6667,0.875,HIGH TRUST
CAMP_0006,ChainProtocol,1.0,0.0,0.0,0.3333,0.4375,MEDIUM TRUST
CAMP_0007,FluxLabs,1.0,0.0,0.0,0.3333,0.4375,MEDIUM TRUST
CAMP_0008,ZenChain,1.0,0.0,0.0,0.3333,0.4375,MEDIUM TRUST
CAMP_0009,MetaChain,0.0,0.2143,1.0,0.4048,0.5313,MEDIUM TRUST
CAMP_0010,FluxChain,0.0,0.0,1.0,0.3333,0.4375,MEDIUM TRUST
CAMP_0011,ProtoFinance,1.0,0.0,0.0,0.3333,0.4375,MEDIUM TRUST
CAMP_0012,MetaChain,1.0,0.2143,1.0,0.7381,0.9688,HIGH TRUST
CAMP_0013,FluxProtocol,1.0,0.2143,0.0,0.4048,0.5313,MEDIUM TRUST
CAMP_0014,ProtoDAO,0.0,0.0714,0.0,0.0238,0.0312,LOW TRUST
CAMP_0015,ZenLabs,0.0,0.0,0.0,0.0,0.0,LOW TRUST
CAMP_0016,BlockChain,0.0,0.0714,0.0,0.0238,0.0312,LOW TRUST
CAMP_0017,ZenHub,1.0,0.2143,1.0,0.7381,0.9688,HIGH TRUST
CAMP_0018,ProtoFinance,0.0,0.7143,0.0,0.2381,0.3125,LOW TRUST
CAMP_0019,AeroLabs,0.0,0.0,0.0,0.0,0.0,LOW TRUST
CAMP_0020,MetaNetwork,1.0,0.1429,0.0,0.381,0.5001,MEDIUM TRUST
CAMP_0021,YieldSwap,1.0,0.2857,1.0,0.7619,1.0,HIGH TRUST
CAMP_0022,ProtoChain,0.0,0.1429,0.0,0.0476,0.0625,LOW TRUST
CAMP_0023,BlockSwap,1.0,0.0,0.0,0.3333,0.4375,MEDIUM TRUST
CAMP_0024,VaultNetwork,1.0,0.0,1.0,0.6667,0.875,HIGH TRUST
CAMP_0025,MetaProtocol,1.0,0.0,1.0,0.6667,0.875,HIGH TRUST
CAMP_0026,ProtoProtocol,0.0,0.0,0.0,0.0,0.0,LOW TRUST
CAMP_0027,VaultHub,1.0,0.0714,0.0,0.3571,0.4687,MEDIUM TRUST
CAMP_0028,MetaFinance,0.0,0.1429,0.0,0.0476,0.0625,LOW TRUST
CAMP_0029,FluxFinance,0.0,0.0,0.0,0.0,0.0,LOW TRUST
CAMP_0030,ZenProtocol,0.0,0.2143,0.0,0.0714,0.0937,LOW TRUST
