campaign_id,fgr,tbr,nur,ftr,rar
CAMP_0001,0.0973531520069875,0.1556970983722576,0.08333333333333333,0.591124295019712,0.0
CAMP_0002,0.09645471310347474,0.13189448441247004,0.23809523809523808,0.5292240249620412,0.0
CAMP_0003,0.09729678393822487,0.05116279069767442,0.3103448275862069,0.5327652887535291,0.0
CAMP_0004,0.09686363093722089,0.053516819571865444,0.38461538461538464,0.5235590190801849,0.0
CAMP_0005,0.0951821722296082,0.03875968992248062,1.0,0.4792937693189836,0.0
CAMP_0006,0.09790956913679218,0.241850683491062,0.1388888888888889,0.49742446507592825,0.0
CAMP_0007,0.0981515244340076,0.07898894154818326,0.07142857142857142,0.5590432819792566,0.0
CAMP_0008,0.0967652215190963,0.04260395364689843,1.0,0.5066767448811828,0.0
CAMP_0009,0.09595910158306667,0.018621973929236497,0.25,0.46938227536201077,0.0
CAMP_0010,0.0977968387936514,0.07966857871255577,0.06818181818181818,0.4219843079230293,0.0
CAMP_0011,0.09741176552979179,0.18878101402373249,0.08823529411764706,0.5249636067138701,0.0
CAMP_0012,0.09780955330032552,0.13253810470510272,0.1935483870967742,0.46719304233871234,0.0
CAMP_0013,0.09722920560792511,0.2089704383282365,0.08823529411764706,0.5806881584245374,0.0
CAMP_0014,0.09722479456785672,0.04227642276422764,0.24,0.5946341782984572,0.0
CAMP_0015,0.09770768904643953,0.09193776520509193,0.08823529411764706,0.519944291225997,0.0
CAMP_0016,0.0980003902902321,0.07017543859649122,0.061224489795918366,0.5208931019495391,0.0
CAMP_0017,0.09735622751120476,0.09218825812712277,0.15625,0.5957044933893865,0.0
CAMP_0018,0.09782912296301824,0.1859504132231405,0.0851063829787234,0.49833772502954804,0.0
CAMP_0019,0.09800330465327681,0.15456989247311828,0.14634146341463414,0.5618027977080942,0.0
CAMP_0020,0.09764676497963214,0.05410491649023758,0.11904761904761904,0.5507653017048862,0.0
CAMP_0021,0.09738039773595004,0.0705596107055961,0.14285714285714285,0.5412726481495723,0.0
CAMP_0022,0.09798917015636548,0.22954091816367264,0.16216216216216217,0.49548410457824177,0.0
CAMP_0023,0.09750871592356436,0.1374916163648558,0.1875,0.5706522946226298,0.0
CAMP_0024,0.09797937339450828,0.1981599433828733,0.14,0.5305214807968583,0.0
CAMP_0025,0.09721086382433851,0.04802061372686812,1.0,0.5137548337285646,0.0
CAMP_0026,0.09747866268991963,0.20249221183800625,0.058823529411764705,0.5347461730363563,0.0
CAMP_0027,0.09746065990490116,0.20504731861198738,0.15151515151515152,0.4994291039926716,0.0
CAMP_0028,0.09695293906574928,0.10191846522781774,0.2,0.6188677049260253,0.0
CAMP_0029,0.09738654785250134,0.043341213553979505,0.13333333333333333,0.46813451138137113,0.0
CAMP_0030,0.09809819280814543,0.3048780487804878,0.11764705882352941,0.5709519081020573,0.0
