campaign_id,title,sdi_score,risk_label,top_match_1,top_match_1_sim,top_match_2,top_match_2_sim
CAMP_0001,ZenSwap,0.7138,HIGH PLAGIARISM RISK,ZenLabs,0.7138,ZenHub,0.652
CAMP_0002,VaultNetwork,0.6806,HIGH PLAGIARISM RISK,VaultNetwork,0.6806,BlockSwap,0.6737
CAMP_0003,BlockProtocol,0.738,HIGH PLAGIARISM RISK,ChainProtocol,0.738,MetaChain,0.6999
CAMP_0004,FluxLabs,0.7116,HIGH PLAGIARISM RISK,FluxChain,0.7116,FluxFinance,0.6147
CAMP_0005,ProtoChain,0.7862,HIGH PLAGIARISM RISK,ProtoChain,0.7862,ProtoProtocol,0.6672
CAMP_0006,ChainProtocol,0.738,HIGH PLAGIARISM RISK,BlockProtocol,0.738,MetaChain,0.6523
CAMP_0007,FluxLabs,0.555,HIGH PLAGIARISM RISK,FluxProtocol,0.555,ProtoDAO,0.5085
CAMP_0008,ZenChain,0.6251,HIGH PLAGIARISM RISK,ZenSwap,0.6251,ProtoChain,0.5831
CAMP_0009,MetaChain,0.7548,HIGH PLAGIARISM RISK,ProtoChain,0.7548,MetaChain,0.7047
CAMP_0010,FluxChain,0.7116,HIGH PLAGIARISM RISK,FluxLabs,0.7116,FluxFinance,0.6862
CAMP_0011,ProtoFinance,0.8618,HIGH PLAGIARISM RISK,ProtoFinance,0.8618,ProtoChain,0.6876
CAMP_0012,MetaChain,0.7047,HIGH PLAGIARISM RISK,MetaChain,0.7047,BlockProtocol,0.6999
CAMP_0013,FluxProtocol,0.6796,HIGH PLAGIARISM RISK,ProtoDAO,0.6796,VaultNetwork,0.6573
CAMP_0014,ProtoDAO,0.6796,HIGH PLAGIARISM RISK,FluxProtocol,0.6796,VaultNetwork,0.5666
CAMP_0015,ZenLabs,0.7138,HIGH PLAGIARISM RISK,ZenSwap,0.7138,ZenHub,0.6795
CAMP_0016,BlockChain,0.644,HIGH PLAGIARISM RISK,ProtoChain,0.644,MetaChain,0.6059
CAMP_0017,ZenHub,0.6795,HIGH PLAGIARISM RISK,ZenLabs,0.6795,ZenSwap,0.652
CAMP_0018,ProtoFinance,0.8618,HIGH PLAGIARISM RISK,ProtoFinance,0.8618,ProtoProtocol,0.7243
CAMP_0019,AeroLabs,0.5728,HIGH PLAGIARISM RISK,ZenLabs,0.5728,ZenSwap,0.4622
CAMP_0020,MetaNetwork,0.5171,MODERATE RISK,MetaFinance,0.5171,ProtoFinance,0.4937
CAMP_0021,YieldSwap,0.4937,MODERATE RISK,ProtoFinance,0.4937,FluxFinance,0.4645
CAMP_0022,ProtoChain,0.8084,HIGH PLAGIARISM RISK,ProtoProtocol,0.8084,ProtoChain,0.7862
CAMP_0023,BlockSwap,0.6737,HIGH PLAGIARISM RISK,VaultNetwork,0.6737,FluxProtocol,0.6164
CAMP_0024,VaultNetwork,0.6893,HIGH PLAGIARISM RISK,VaultHub,0.6893,VaultNetwork,0.6806
CAMP_0025,MetaProtocol,0.5428,MODERATE RISK,ProtoProtocol,0.5428,MetaFinance,0.5235
CAMP_0026,ProtoProtocol,0.8084,HIGH PLAGIARISM RISK,ProtoChain,0.8084,ProtoFinance,0.7243
CAMP_0027,VaultHub,0.6893,HIGH PLAGIARISM RISK,VaultNetwork,0.6893,ProtoChain,0.562
CAMP_0028,MetaFinance,0.6286,HIGH PLAGIARISM RISK,FluxFinance,0.6286,ProtoFinance,0.5657
CAMP_0029,FluxFinance,0.6862,HIGH PLAGIARISM RISK,FluxChain,0.6862,MetaFinance,0.6286
CAMP_0030,ZenProtocol,0.6211,HIGH PLAGIARISM RISK,ZenLabs,0.6211,ChainProtocol,0.6068
