model,seed,accuracy,precision,recall,f1,average_precision
Transformer,42,96.1667,96.6216,88.8199,92.5566,0.922475
MLP,42,96.3333,97.2789,88.8199,92.8571,0.926951
Logistic Regression,42,95.6667,94.702,88.8199,91.6667,0.926504
Random Forest,42,96.1667,96.6216,88.8199,92.5566,0.929431
Gradient Boosting,42,95.5,94.0789,88.8199,91.3738,0.938723
Transformer,52,96.1667,96.6216,88.8199,92.5566,0.9179
MLP,52,96.0,95.9732,88.8199,92.2581,0.936528
Logistic Regression,52,95.0,92.2581,88.8199,90.5063,0.93027
Random Forest,52,95.6667,94.702,88.8199,91.6667,0.924656
Gradient Boosting,52,96.0,95.9732,88.8199,92.2581,0.93207
Transformer,62,97.0,97.9866,90.6832,94.1935,0.954426
MLP,62,97.6667,98.0392,93.1677,95.5414,0.943731
Logistic Regression,62,96.6667,94.3396,93.1677,93.75,0.942502
Random Forest,62,97.6667,98.0392,93.1677,95.5414,0.949005
Gradient Boosting,62,96.6667,94.3396,93.1677,93.75,0.945038
Transformer,72,96.5,97.2973,89.441,93.2039,0.919987
MLP,72,97.0,98.6395,90.0621,94.1558,0.941785
Logistic Regression,72,95.1667,91.7722,90.0621,90.9091,0.938544
Random Forest,72,96.5,96.6667,90.0621,93.2476,0.938233
Gradient Boosting,72,95.8333,95.9459,88.1988,91.9094,0.931402
Transformer,82,96.3333,94.8387,91.3043,93.038,0.923391
MLP,82,96.1667,94.2308,91.3043,92.7445,0.923386
Logistic Regression,82,95.3333,91.3043,91.3043,91.3043,0.908666
Random Forest,82,96.1667,94.2308,91.3043,92.7445,0.910018
Gradient Boosting,82,96.0,93.6306,91.3043,92.4528,0.901129
