campaign_id,fgr,tbr,nur,ftr,rar,title_x,A,T,M,cti_score,cti_norm,trust_label,n_wallets,wgd,cds,col,inf,fts,fas,below_min_wallets,n_transactions,ctcc,ts,ctcs,below_min_timestamps,title_y,sdi_score,risk_label,top_match_1,top_match_1_sim,top_match_2,top_match_2_sim,combined_risk_score,fraud_label
CAMP_0001,0.0973531520069875,0.1556970983722576,0.0833333333333333,0.591124295019712,0.0,ZenSwap,0.0,0.0,0.0,0.0,0.0,LOW TRUST,36,0.5865,0.7957,0.7007,0.9889,0.0,0.3897,False,44,0.4601,0.0031,0.2773,False,ZenSwap,0.7138,HIGH PLAGIARISM RISK,ZenLabs,0.7138,ZenHub,0.652,0.5725,1
CAMP_0002,0.0964547131034747,0.13189448441247,0.238095238095238,0.5292240249620412,0.0,VaultNetwork,0.0,0.1429,0.0,0.0476,0.0625,LOW TRUST,21,0.5881,0.699,0.6819,0.9667,0.0,0.4253,False,22,0.3465,0.0035,0.2093,False,VaultNetwork,0.6806,HIGH PLAGIARISM RISK,VaultNetwork,0.6806,BlockSwap,0.6737,0.5409,1
CAMP_0003,0.0972967839382248,0.0511627906976744,0.3103448275862069,0.5327652887535291,0.0,BlockProtocol,0.0,0.0,0.0,0.0,0.0,LOW TRUST,29,0.5394,0.7036,0.626,0.9533,0.0,0.3469,False,33,0.0925,0.0017,0.0562,False,BlockProtocol,0.738,HIGH PLAGIARISM RISK,ChainProtocol,0.738,MetaChain,0.6999,0.5382,1
CAMP_0004,0.0968636309372208,0.0535168195718654,0.3846153846153846,0.5235590190801849,0.0,FluxLabs,0.0,1.0,0.0,0.3333,0.4375,MEDIUM TRUST,13,0.5897,0.5739,0.7128,0.98,0.0,0.3079,False,14,0.3415,0.0037,0.2064,False,FluxLabs,0.7116,HIGH PLAGIARISM RISK,FluxChain,0.7116,FluxFinance,0.6147,0.4692,0
CAMP_0005,0.0951821722296082,0.0387596899224806,1.0,0.4792937693189836,0.0,ProtoChain,1.0,0.0,1.0,0.6667,0.875,HIGH TRUST,4,0.5833,0.5,0.8283,0.7756,0.0,0.4989,False,11,0.256,0.0029,0.1548,False,ProtoChain,0.7862,HIGH PLAGIARISM RISK,ProtoChain,0.7862,ProtoProtocol,0.6672,0.4155,0
CAMP_0006,0.0979095691367921,0.241850683491062,0.1388888888888889,0.4974244650759282,0.0,ChainProtocol,1.0,0.0,0.0,0.3333,0.4375,MEDIUM TRUST,36,0.5294,0.6978,0.6637,0.9822,0.0,0.333,False,46,0.35,0.0033,0.2113,False,ChainProtocol,0.738,HIGH PLAGIARISM RISK,BlockProtocol,0.738,MetaChain,0.6523,0.4746,0
CAMP_0007,0.0981515244340076,0.0789889415481832,0.0714285714285714,0.5590432819792566,0.0,FluxLabs,1.0,0.0,0.0,0.3333,0.4375,MEDIUM TRUST,42,0.5247,0.9159,0.6279,0.9933,0.0,0.3632,False,50,0.0157,0.002,0.0102,False,FluxLabs,0.555,HIGH PLAGIARISM RISK,FluxProtocol,0.555,ProtoDAO,0.5085,0.3993,0
CAMP_0008,0.0967652215190963,0.0426039536468984,1.0,0.5066767448811828,0.0,ZenChain,1.0,0.0,0.0,0.3333,0.4375,MEDIUM TRUST,5,0.65,0.5818,0.7493,0.6267,0.0,0.4503,False,25,0.2243,0.002,0.1354,False,ZenChain,0.6251,HIGH PLAGIARISM RISK,ZenSwap,0.6251,ProtoChain,0.5831,0.4569,0
CAMP_0009,0.0959591015830666,0.0186219739292364,0.25,0.4693822753620107,0.0,MetaChain,0.0,0.2143,1.0,0.4048,0.5313,MEDIUM TRUST,12,0.5,0.7267,0.6861,0.8756,0.0,0.3938,False,12,0.0327,0.001,0.02,False,MetaChain,0.7548,HIGH PLAGIARISM RISK,ProtoChain,0.7548,MetaChain,0.7047,0.4249,0
CAMP_0010,0.0977968387936514,0.0796685787125557,0.0681818181818181,0.4219843079230293,0.0,FluxChain,0.0,0.0,1.0,0.3333,0.4375,MEDIUM TRUST,44,0.5219,0.7763,0.6315,0.9889,0.0,0.3413,False,50,0.0206,0.0018,0.0131,False,FluxChain,0.7116,HIGH PLAGIARISM RISK,FluxLabs,0.7116,FluxFinance,0.6862,0.4277,0
CAMP_0011,0.0974117655297917,0.1887810140237324,0.088235294117647,0.5249636067138701,0.0,ProtoFinance,1.0,0.0,0.0,0.3333,0.4375,MEDIUM TRUST,34,0.5437,0.7261,0.6776,0.9689,0.0,0.3889,False,35,0.359,0.0037,0.2169,False,ProtoFinance,0.8618,HIGH PLAGIARISM RISK,ProtoFinance,0.8618,ProtoChain,0.6876,0.5066,0
CAMP_0012,0.0978095533003255,0.1325381047051027,0.1935483870967742,0.4671930423387123,0.0,MetaChain,1.0,0.2143,1.0,0.7381,0.9688,HIGH TRUST,31,0.5177,0.7456,0.6624,0.98,0.0,0.4101,False,40,0.3641,0.0028,0.2196,False,MetaChain,0.7047,HIGH PLAGIARISM RISK,MetaChain,0.7047,BlockProtocol,0.6999,0.3615,0
CAMP_0013,0.0972292056079251,0.2089704383282365,0.088235294117647,0.5806881584245374,0.0,FluxProtocol,1.0,0.2143,0.0,0.4048,0.5313,MEDIUM TRUST,34,0.5343,0.8034,0.6447,0.9733,0.0,0.3999,False,41,0.429,0.0034,0.2588,False,FluxProtocol,0.6796,HIGH PLAGIARISM RISK,ProtoDAO,0.6796,VaultNetwork,0.6573,0.4533,0
CAMP_0014,0.0972247945678567,0.0422764227642276,0.24,0.5946341782984572,0.0,ProtoDAO,0.0,0.0714,0.0,0.0238,0.0312,LOW TRUST,25,0.5008,0.8158,0.6584,0.9222,0.0,0.4133,False,26,0.1749,0.0017,0.1056,False,ProtoDAO,0.6796,HIGH PLAGIARISM RISK,FluxProtocol,0.6796,VaultNetwork,0.5666,0.5288,0
CAMP_0015,0.0977076890464395,0.0919377652050919,0.088235294117647,0.519944291225997,0.0,ZenLabs,0.0,0.0,0.0,0.0,0.0,LOW TRUST,34,0.5111,0.7318,0.6375,0.98,0.0,0.3452,False,39,0.1904,0.0025,0.1152,False,ZenLabs,0.7138,HIGH PLAGIARISM RISK,ZenSwap,0.7138,ZenHub,0.6795,0.5345,1
CAMP_0016,0.0980003902902321,0.0701754385964912,0.0612244897959183,0.5208931019495391,0.0,BlockChain,0.0,0.0714,0.0,0.0238,0.0312,LOW TRUST,49,0.5561,0.7899,0.6818,0.9889,0.0,0.3845,False,56,-0.0417,0.0012,-0.0245,False,BlockChain,0.644,HIGH PLAGIARISM RISK,ProtoChain,0.644,MetaChain,0.6059,0.4945,0
CAMP_0017,0.0973562275112047,0.0921882581271227,0.15625,0.5957044933893865,0.0,ZenHub,1.0,0.2143,1.0,0.7381,0.9688,HIGH TRUST,32,0.5494,0.7291,0.6519,0.9889,0.0,0.3715,False,38,0.3187,0.0024,0.1922,False,ZenHub,0.6795,HIGH PLAGIARISM RISK,ZenLabs,0.6795,ZenSwap,0.652,0.3523,0
CAMP_0018,0.0978291229630182,0.1859504132231405,0.0851063829787234,0.498337725029548,0.0,ProtoFinance,0.0,0.7143,0.0,0.2381,0.3125,LOW TRUST,47,0.5176,0.7721,0.666,0.9711,0.0,0.3797,False,54,0.4058,0.0033,0.2448,False,ProtoFinance,0.8618,HIGH PLAGIARISM RISK,ProtoFinance,0.8618,ProtoProtocol,0.7243,0.5346,1
CAMP_0019,0.0980033046532768,0.1545698924731182,0.1463414634146341,0.5618027977080942,0.0,AeroLabs,0.0,0.0,0.0,0.0,0.0,LOW TRUST,41,0.5027,0.7463,0.6374,0.9889,0.0,0.3789,False,46,0.3867,0.0032,0.2333,False,AeroLabs,0.5728,HIGH PLAGIARISM RISK,ZenLabs,0.5728,ZenSwap,0.4622,0.5251,0
CAMP_0020,0.0976467649796321,0.0541049164902375,0.119047619047619,0.5507653017048862,0.0,MetaNetwork,1.0,0.1429,0.0,0.381,0.5001,MEDIUM TRUST,42,0.5436,0.9312,0.7013,0.9533,0.0,0.3596,False,46,-0.1815,0.0013,-0.1084,False,MetaNetwork,0.5171,MODERATE RISK,MetaFinance,0.5171,ProtoFinance,0.4937,0.3622,0
CAMP_0021,0.09738039773595,0.0705596107055961,0.1428571428571428,0.5412726481495723,0.0,YieldSwap,1.0,0.2857,1.0,0.7619,1.0,HIGH TRUST,28,0.5582,0.7123,0.6912,0.98,0.0,0.3155,False,29,0.3173,0.0028,0.1915,False,YieldSwap,0.4937,MODERATE RISK,ProtoFinance,0.4937,FluxFinance,0.4645,0.2948,0
CAMP_0022,0.0979891701563654,0.2295409181636726,0.1621621621621621,0.4954841045782417,0.0,ProtoChain,0.0,0.1429,0.0,0.0476,0.0625,LOW TRUST,37,0.5056,0.8773,0.6305,0.98,0.0,0.3526,False,46,0.366,0.0035,0.221,False,ProtoChain,0.8084,HIGH PLAGIARISM RISK,ProtoProtocol,0.8084,ProtoChain,0.7862,0.5737,1
CAMP_0023,0.0975087159235643,0.1374916163648558,0.1875,0.5706522946226298,0.0,BlockSwap,1.0,0.0,0.0,0.3333,0.4375,MEDIUM TRUST,32,0.5645,0.8364,0.684,0.9689,0.0,0.3487,False,41,0.4263,0.0029,0.2569,False,BlockSwap,0.6737,HIGH PLAGIARISM RISK,VaultNetwork,0.6737,FluxProtocol,0.6164,0.4726,0
CAMP_0024,0.0979793733945082,0.1981599433828733,0.14,0.5305214807968583,0.0,VaultNetwork,1.0,0.0,1.0,0.6667,0.875,HIGH TRUST,50,0.5202,0.7467,0.6465,0.98,0.0,0.3533,False,56,0.4044,0.003,0.2438,False,VaultNetwork,0.6893,HIGH PLAGIARISM RISK,VaultHub,0.6893,VaultNetwork,0.6806,0.3808,0
CAMP_0025,0.0972108638243385,0.0480206137268681,1.0,0.5137548337285646,0.0,MetaProtocol,1.0,0.0,1.0,0.6667,0.875,HIGH TRUST,5,0.775,0.6891,0.7893,0.8933,0.0,0.5913,False,41,-0.1252,0.0014,-0.0745,False,MetaProtocol,0.5428,MODERATE RISK,ProtoProtocol,0.5428,MetaFinance,0.5235,0.3405,0
CAMP_0026,0.0974786626899196,0.2024922118380062,0.0588235294117647,0.5347461730363563,0.0,ProtoProtocol,0.0,0.0,0.0,0.0,0.0,LOW TRUST,34,0.5575,0.7329,0.6788,0.9867,0.0,0.4419,False,39,0.3682,0.0037,0.2224,False,ProtoProtocol,0.8084,HIGH PLAGIARISM RISK,ProtoChain,0.8084,ProtoFinance,0.7243,0.5845,1
CAMP_0027,0.0974606599049011,0.2050473186119873,0.1515151515151515,0.4994291039926716,0.0,VaultHub,1.0,0.0714,0.0,0.3571,0.4687,MEDIUM TRUST,33,0.4986,0.6881,0.6265,0.9556,0.0,0.3895,False,39,0.4594,0.0038,0.2772,False,VaultHub,0.6893,HIGH PLAGIARISM RISK,VaultNetwork,0.6893,ProtoChain,0.562,0.4636,0
CAMP_0028,0.0969529390657492,0.1019184652278177,0.2,0.6188677049260253,0.0,MetaFinance,0.0,0.1429,0.0,0.0476,0.0625,LOW TRUST,15,0.5262,0.6849,0.6658,0.8933,0.0,0.2991,False,17,0.4342,0.0036,0.262,False,MetaFinance,0.6286,HIGH PLAGIARISM RISK,FluxFinance,0.6286,ProtoFinance,0.5657,0.527,0
CAMP_0029,0.0973865478525013,0.0433412135539795,0.1333333333333333,0.4681345113813711,0.0,FluxFinance,0.0,0.0,0.0,0.0,0.0,LOW TRUST,30,0.5828,0.736,0.6936,0.9689,0.0,0.4024,False,33,-0.0282,0.0015,-0.0163,False,FluxFinance,0.6862,HIGH PLAGIARISM RISK,FluxChain,0.6862,MetaFinance,0.6286,0.5116,0
CAMP_0030,0.0980981928081454,0.3048780487804878,0.1176470588235294,0.5709519081020573,0.0,ZenProtocol,0.0,0.2143,0.0,0.0714,0.0937,LOW TRUST,51,0.5094,0.7464,0.6536,0.9911,0.0,0.3883,False,60,0.4099,0.0032,0.2472,False,ZenProtocol,0.6211,HIGH PLAGIARISM RISK,ZenLabs,0.6211,ChainProtocol,0.6068,0.5269,0
